"지구별","주차장명","주차대수","이용시간","날짜"
"PLT-008","여의도3주차장","2911","389471","2024/06"
"PLT-006","광나루4주차장","161","9131","2024/06"
"PLT-006","광나루3주차장","1269","117697","2024/06"
"PLT-009","반포1주차장","1983","137097","2024/06"
"PLT-005","뚝섬2주차장","1442","277376","2024/06"
"PLT-005","뚝섬1주차장","402","52090","2024/06"
"PLT-005","뚝섬4주차장","801","117419","2024/06"
"PLT-001","강서1주차장","362","39800","2024/06"
"PLT-010","잠원1주차장","1013","72074","2024/06"
"PLT-007","양화3주차장","1905","223327","2024/06"
"PLT-007","양화1주차장","467","48368","2024/06"
"PLT-003","망원2,3주차장","1579","175395","2024/06"
"PLT-004","이촌3,4주차장","1861","173381","2024/06"
"PLT-011","잠실1주차장","2480","122176","2024/06"
"PLT-003","망원1주차장","772","51698","2024/06"
"PLT-011","잠실4주차장","3222","278447","2024/06"
"PLT-004","이촌1주차장","337","13698","2024/06"
"PLT-008","여의도5주차장","349","37726","2024/06"
"PLT-008","여의도1주차장","3751","457000","2024/06"
"PLT-006","광나루1,2주차장","1480","133973","2024/06"
"PLT-002","난지1,2,3주차장","5151","358118","2024/06"
"PLT-004","이촌2주차장","611","54993","2024/06"
"PLT-008","여의도4주차장","85","8831","2024/06"
"PLT-007","양화2주차장","175","18049","2024/06"
"PLT-008","여의도2주차장","2049","197018","2024/06"
"PLT-009","반포2,3주차장","5386","505522","2024/06"
"PLT-010","잠원2-6주차장","3753","331226","2024/06"
"PLT-005","뚝섬3주차장","682","129761","2024/06"
"PLT-005","뚝섬2주차장","33364","4275424","2024/05"
"PLT-010","잠원1주차장","18032","1518881","2024/05"
"PLT-007","양화1주차장","9116","1012208","2024/05"
"PLT-008","여의도5주차장","8864","2141920","2024/05"
"PLT-004","이촌2주차장","9601","969952","2024/05"
"PLT-002","난지1,2,3주차장","67516","4674420","2024/05"
"PLT-004","이촌1주차장","5111","258382","2024/05"
"PLT-009","반포1주차장","32688","1937444","2024/05"
"PLT-005","뚝섬1주차장","8670","738957","2024/05"
"PLT-008","여의도3주차장","49163","10785270","2024/05"
"PLT-009","반포2,3주차장","103390","8891549","2024/05"
"PLT-003","망원2,3주차장","36529","3561832","2024/05"
"PLT-003","망원1주차장","12965","1138412","2024/05"
"PLT-008","여의도2주차장","41163","5372225","2024/05"
"PLT-008","여의도4주차장","4429","1293181","2024/05"
"PLT-001","강서1주차장","6761","561043","2024/05"
"PLT-005","뚝섬4주차장","25401","2685163","2024/05"
"PLT-006","광나루3주차장","21409","1840175","2024/05"
"PLT-010","잠원2-6주차장","73714","7958695","2024/05"
"PLT-005","뚝섬3주차장","18758","2237224","2024/05"
"PLT-004","이촌3,4주차장","36186","3603588","2024/05"
"PLT-007","양화3주차장","30655","3311915","2024/05"
"PLT-008","여의도1주차장","78238","10779879","2024/05"
"PLT-006","광나루1,2주차장","25607","2132356","2024/05"
"PLT-011","잠실4주차장","68177","4873989","2024/05"
"PLT-011","잠실1주차장","62795","2872911","2024/05"
"PLT-006","광나루4주차장","7743","381074","2024/05"
"PLT-007","양화2주차장","2243","235861","2024/05"
"PLT-006","광나루4주차장","7777","388193","2024/04"
"PLT-003","망원2,3주차장","35128","3486835","2024/04"
"PLT-004","이촌3,4주차장","34235","3262548","2024/04"
"PLT-005","뚝섬1주차장","8052","616317","2024/04"
"PLT-008","여의도4주차장","7064","1601129","2024/04"
"PLT-004","이촌1주차장","5057","275095","2024/04"
"PLT-002","난지1,2,3주차장","61368","4682594","2024/04"
"PLT-010","잠원2-6주차장","70660","7516660","2024/04"
"PLT-009","반포1주차장","31805","1813745","2024/04"
"PLT-005","뚝섬2주차장","30839","4007833","2024/04"
"PLT-007","양화3주차장","30488","3243435","2024/04"
"PLT-006","광나루3주차장","21550","1828545","2024/04"
"PLT-008","여의도3주차장","65546","12382870","2024/04"
"PLT-006","광나루1,2주차장","24592","2034268","2024/04"
"PLT-003","망원1주차장","13875","1180248","2024/04"
"PLT-011","잠실1주차장","62316","2709162","2024/04"
"PLT-005","뚝섬3주차장","14077","1537272","2024/04"
"PLT-008","여의도5주차장","10066","2407235","2024/04"
"PLT-007","양화1주차장","9502","1053009","2024/04"
"PLT-011","잠실4주차장","69592","4923010","2024/04"
"PLT-009","반포2,3주차장","107250","8518845","2024/04"
"PLT-004","이촌2주차장","10061","1049476","2024/04"
"PLT-008","여의도1주차장","90101","11726491","2024/04"
"PLT-008","여의도2주차장","50302","5503328","2024/04"
"PLT-007","양화2주차장","2137","232653","2024/04"
"PLT-010","잠원1주차장","18522","1568930","2024/04"
"PLT-001","강서1주차장","6909","569881","2024/04"
"PLT-005","뚝섬4주차장","24893","2577780","2024/04"
"PLT-004","이촌3,4주차장","28786","2779033","2024/03"
"PLT-006","광나루3주차장","16453","1270799","2024/03"
"PLT-008","여의도3주차장","44455","10308918","2024/03"
"PLT-004","이촌2주차장","9159","884900","2024/03"
"PLT-005","뚝섬1주차장","7779","509396","2024/03"
"PLT-010","잠원2-6주차장","54734","5611838","2024/03"
"PLT-009","반포1주차장","22908","1099403","2024/03"
"PLT-011","잠실1주차장","54581","2125874","2024/03"
"PLT-007","양화3주차장","21537","1908499","2024/03"
"PLT-011","잠실4주차장","56405","3272491","2024/03"
"PLT-007","양화2주차장","1405","124750","2024/03"
"PLT-003","망원1주차장","11242","986768","2024/03"
"PLT-008","여의도1주차장","68109","8889427","2024/03"
"PLT-005","뚝섬3주차장","9765","850482","2024/03"
"PLT-008","여의도4주차장","5058","1593246","2024/03"
"PLT-008","여의도2주차장","31031","4703446","2024/03"
"PLT-004","이촌1주차장","4765","452361","2024/03"
"PLT-005","뚝섬2주차장","22583","2643177","2024/03"
"PLT-005","뚝섬4주차장","20533","1998066","2024/03"
"PLT-002","난지1,2,3주차장","48766","3420580","2024/03"
"PLT-006","광나루4주차장","7134","360523","2024/03"
"PLT-006","광나루1,2주차장","18190","1507666","2024/03"
"PLT-009","반포2,3주차장","80173","5905600","2024/03"
"PLT-001","강서1주차장","5733","386463","2024/03"
"PLT-003","망원2,3주차장","29785","2746864","2024/03"
"PLT-008","여의도5주차장","9059","2251256","2024/03"
"PLT-007","양화1주차장","7380","894492","2024/03"
"PLT-010","잠원1주차장","14284","1228352","2024/03"
"PLT-003","망원2,3주차장","22093","1934610","2024/02"
"PLT-009","반포1주차장","15689","471087","2024/02"
"PLT-007","양화1주차장","5551","646407","2024/02"
"PLT-003","망원1주차장","7716","689063","2024/02"
"PLT-007","양화2주차장","871","67156","2024/02"
"PLT-010","잠원2-6주차장","40425","3954416","2024/02"
"PLT-011","잠실1주차장","44053","1504538","2024/02"
"PLT-006","광나루3주차장","10877","739457","2024/02"
"PLT-009","반포2,3주차장","59472","3407980","2024/02"
"PLT-008","여의도3주차장","31638","8347643","2024/02"
"PLT-008","여의도5주차장","8392","2166151","2024/02"
"PLT-005","뚝섬4주차장","15877","1539063","2024/02"
"PLT-004","이촌2주차장","5982","445809","2024/02"
"PLT-004","이촌3,4주차장","20039","1920327","2024/02"
"PLT-005","뚝섬1주차장","5520","374007","2024/02"
"PLT-005","뚝섬3주차장","8192","772211","2024/02"
"PLT-008","여의도4주차장","4167","1350408","2024/02"
"PLT-008","여의도1주차장","47109","6164667","2024/02"
"PLT-005","뚝섬2주차장","15266","1847387","2024/02"
"PLT-006","광나루4주차장","5745","290123","2024/02"
"PLT-007","양화3주차장","14345","1088480","2024/02"
"PLT-008","여의도2주차장","23092","4337741","2024/02"
"PLT-001","강서1주차장","4238","224616","2024/02"
"PLT-004","이촌1주차장","3392","404218","2024/02"
"PLT-011","잠실4주차장","41439","1756183","2024/02"
"PLT-002","난지1,2,3주차장","34705","2011047","2024/02"
"PLT-006","광나루1,2주차장","12242","934558","2024/02"
"PLT-010","잠원1주차장","9269","786355","2024/02"
"PLT-007","양화1주차장","5045","656065","2024/01"
"PLT-008","여의도1주차장","37169","5756204","2024/01"
"PLT-008","여의도3주차장","37460","9896859","2024/01"
"PLT-008","여의도5주차장","8721","2410430","2024/01"
"PLT-006","광나루4주차장","6318","302986","2024/01"
"PLT-006","광나루3주차장","9342","676000","2024/01"
"PLT-011","잠실4주차장","32627","1366034","2024/01"
"PLT-009","반포2,3주차장","55898","3737680","2024/01"
"PLT-005","뚝섬4주차장","13624","1256267","2024/01"
"PLT-004","이촌2주차장","5613","494567","2024/01"
"PLT-010","잠원2-6주차장","40125","4337635","2024/01"
"PLT-009","반포1주차장","12867","428327","2024/01"
"PLT-004","이촌1주차장","2436","445562","2024/01"
"PLT-010","잠원1주차장","8660","815718","2024/01"
"PLT-005","뚝섬2주차장","14813","1807849","2024/01"
"PLT-001","강서1주차장","3769","198076","2024/01"
"PLT-003","망원1주차장","6910","625629","2024/01"
"PLT-007","양화3,4,5주차장","4779","406134","2024/01"
"PLT-002","난지1,2,3주차장","31391","1647481","2024/01"
"PLT-007","양화2주차장","743","45724","2024/01"
"PLT-008","여의도4주차장","5308","1549111","2024/01"
"PLT-006","광나루1,2주차장","11904","891631","2024/01"
"PLT-005","뚝섬1주차장","4886","348018","2024/01"
"PLT-003","망원2,3주차장","18443","1638614","2024/01"
"PLT-011","잠실1주차장","47362","1433472","2024/01"
"PLT-007","양화3주차장","8305","645506","2024/01"
"PLT-004","이촌3,4주차장","19713","2136197","2024/01"
"PLT-005","뚝섬3주차장","9237","980448","2024/01"
"PLT-008","여의도2주차장","18809","4248002","2024/01"
"PLT-006","광나루3주차장","11131","663862","2023/12"
"PLT-004","이촌3,4주차장","19297","1732726","2023/12"
"PLT-007","양화2주차장","754","45056","2023/12"
"PLT-002","난지1,2,3주차장","32425","1851134","2023/12"
"PLT-008","여의도1주차장","40915","6043162","2023/12"
"PLT-003","망원2,3주차장","18710","1647371","2023/12"
"PLT-005","뚝섬4주차장","15091","1395125","2023/12"
"PLT-011","잠실1주차장","41135","1131610","2023/12"
"PLT-010","잠원2-6주차장","39570","4106768","2023/12"
"PLT-010","잠원1주차장","8704","805700","2023/12"
"PLT-006","광나루4주차장","4694","254817","2023/12"
"PLT-007","양화3,4,5주차장","13346","983212","2023/12"
"PLT-008","여의도4주차장","4751","1306329","2023/12"
"PLT-001","강서1주차장","3808","181465","2023/12"
"PLT-011","잠실4주차장","25955","1260649","2023/12"
"PLT-006","광나루1,2주차장","12177","860927","2023/12"
"PLT-004","이촌2주차장","6416","581524","2023/12"
"PLT-008","여의도5주차장","8508","2142103","2023/12"
"PLT-007","양화1주차장","5645","682649","2023/12"
"PLT-009","반포1주차장","14076","429396","2023/12"
"PLT-009","반포2,3주차장","64825","4668853","2023/12"
"PLT-008","여의도3주차장","32381","8313033","2023/12"
"PLT-005","뚝섬1주차장","5371","408655","2023/12"
"PLT-004","이촌1주차장","2189","393583","2023/12"
"PLT-003","망원1주차장","6933","635657","2023/12"
"PLT-008","여의도2주차장","22473","4210557","2023/12"
"PLT-005","뚝섬3주차장","9535","1018983","2023/12"
"PLT-005","뚝섬2주차장","15431","1841365","2023/12"
"PLT-003","망원1주차장","8013","763781","2023/11"
"PLT-009","반포2,3주차장","73571","4533764","2023/11"
"PLT-003","망원2,3주차장","21716","2080077","2023/11"
"PLT-005","뚝섬1주차장","6018","499046","2023/11"
"PLT-005","뚝섬2주차장","15004","1959601","2023/11"
"PLT-008","여의도1주차장","46489","7175167","2023/11"
"PLT-008","여의도5주차장","8929","2469508","2023/11"
"PLT-001","강서1주차장","4840","270929","2023/11"
"PLT-007","양화1주차장","7403","860123","2023/11"
"PLT-007","양화2주차장","509","588","2023/11"
"PLT-007","양화3,4,5주차장","16395","1310161","2023/11"
"PLT-011","잠실4주차장","53538","3299892","2023/11"
"PLT-008","여의도4주차장","5655","1621077","2023/11"
"PLT-010","잠원2-6주차장","41407","4587318","2023/11"
"PLT-006","광나루4주차장","6325","279388","2023/11"
"PLT-008","여의도3주차장","32009","9068568","2023/11"
"PLT-002","난지1,2,3주차장","41073","2530853","2023/11"
"PLT-011","잠실1주차장","55687","1653459","2023/11"
"PLT-006","광나루1,2주차장","15679","1189668","2023/11"
"PLT-004","이촌3,4주차장","23323","2114382","2023/11"
"PLT-009","반포1주차장","16242","565980","2023/11"
"PLT-004","이촌2주차장","7501","725484","2023/11"
"PLT-005","뚝섬4주차장","14173","1403488","2023/11"
"PLT-004","이촌1주차장","2040","343623","2023/11"
"PLT-005","뚝섬3주차장","7114","682408","2023/11"
"PLT-010","잠원1주차장","10187","954554","2023/11"
"PLT-006","광나루3주차장","12657","1017743","2023/11"
"PLT-008","여의도2주차장","22785","4842437","2023/11"
"PLT-011","잠실4주차장","69908","5199288","2023/10"
"PLT-008","여의도1주차장","81012","10935682","2023/10"
"PLT-005","뚝섬1주차장","11371","764576","2023/10"
"PLT-008","여의도4주차장","5782","1553581","2023/10"
"PLT-008","여의도5주차장","11467","2595073","2023/10"
"PLT-010","잠원2-6주차장","67489","6962755","2023/10"
"PLT-006","광나루3주차장","18649","1664401","2023/10"
"PLT-011","잠실1주차장","65315","2609636","2023/10"
"PLT-010","잠원1주차장","18461","1572944","2023/10"
"PLT-004","이촌1주차장","3861","506217","2023/10"
"PLT-008","여의도2주차장","36317","5678618","2023/10"
"PLT-003","망원1주차장","13670","1153444","2023/10"
"PLT-005","뚝섬4주차장","23488","2329325","2023/10"
"PLT-006","광나루4주차장","5935","244522","2023/10"
"PLT-005","뚝섬3주차장","15039","1652483","2023/10"
"PLT-004","이촌2주차장","12211","1106809","2023/10"
"PLT-004","이촌3,4주차장","36686","3449752","2023/10"
"PLT-008","여의도3주차장","52455","11474616","2023/10"
"PLT-006","광나루1,2주차장","29790","2283123","2023/10"
"PLT-005","뚝섬2주차장","28865","3859177","2023/10"
"PLT-007","양화2주차장","285","307","2023/10"
"PLT-009","반포2,3주차장","123583","9366856","2023/10"
"PLT-001","강서1주차장","7348","632336","2023/10"
"PLT-002","난지1,2,3주차장","66079","5121135","2023/10"
"PLT-003","망원2,3주차장","34309","3438035","2023/10"
"PLT-007","양화1주차장","11043","1183444","2023/10"
"PLT-009","반포1주차장","34257","1901874","2023/10"
"PLT-007","양화3,4,5주차장","33463","3012593","2023/10"
"PLT-004","이촌2주차장","11139","902076","2023/09"
"PLT-001","강서1주차장","7759","586091","2023/09"
"PLT-011","잠실4주차장","69638","4607520","2023/09"
"PLT-004","이촌1주차장","3417","422501","2023/09"
"PLT-008","여의도3주차장","51606","10553752","2023/09"
"PLT-010","잠원2-6주차장","64589","5922477","2023/09"
"PLT-007","양화3,4,5주차장","30613","2532729","2023/09"
"PLT-004","이촌3,4주차장","35387","3014016","2023/09"
"PLT-009","반포1주차장","38633","1896732","2023/09"
"PLT-008","여의도2주차장","39964","5525271","2023/09"
"PLT-007","양화1주차장","11027","1038513","2023/09"
"PLT-006","광나루4주차장","5442","175599","2023/09"
"PLT-005","뚝섬2주차장","29159","3392885","2023/09"
"PLT-005","뚝섬4주차장","26307","2235519","2023/09"
"PLT-006","광나루3주차장","20326","1681735","2023/09"
"PLT-007","양화2주차장","1622","160822","2023/09"
"PLT-008","여의도5주차장","11086","2122363","2023/09"
"PLT-009","반포2,3주차장","125342","8718552","2023/09"
"PLT-006","광나루1,2주차장","27586","1970232","2023/09"
"PLT-003","망원2,3주차장","35998","3259640","2023/09"
"PLT-010","잠원1주차장","20661","1639648","2023/09"
"PLT-003","망원1주차장","14119","1001824","2023/09"
"PLT-005","뚝섬1주차장","10823","739422","2023/09"
"PLT-008","여의도1주차장","84794","10529338","2023/09"
"PLT-008","여의도4주차장","5486","1391175","2023/09"
"PLT-005","뚝섬3주차장","17442","1661440","2023/09"
"PLT-002","난지1,2,3주차장","67052","5468379","2023/09"
"PLT-011","잠실1주차장","64980","2342581","2023/09"
"PLT-011","잠실4주차장","59626","3564110","2023/08"
"PLT-007","양화2주차장","1520","153031","2023/08"
"PLT-003","망원1주차장","10828","800659","2023/08"
"PLT-004","이촌2주차장","8647","667754","2023/08"
"PLT-003","망원2,3주차장","31981","2711544","2023/08"
"PLT-011","잠실1주차장","57506","1869007","2023/08"
"PLT-002","난지1,2,3주차장","49353","3729228","2023/08"
"PLT-008","여의도2주차장","34112","5394125","2023/08"
"PLT-008","여의도5주차장","9285","2233237","2023/08"
"PLT-004","이촌1주차장","2445","392412","2023/08"
"PLT-008","여의도1주차장","71943","8663617","2023/08"
"PLT-005","뚝섬3주차장","14880","1837416","2023/08"
"PLT-005","뚝섬1주차장","8919","607818","2023/08"
"PLT-001","강서1주차장","6061","403171","2023/08"
"PLT-008","여의도3주차장","44352","10735003","2023/08"
"PLT-007","양화1주차장","8165","828269","2023/08"
"PLT-005","뚝섬2주차장","22431","2691297","2023/08"
"PLT-010","잠원2-6주차장","62695","6493314","2023/08"
"PLT-006","광나루4주차장","4294","133131","2023/08"
"PLT-005","뚝섬4주차장","22522","2020362","2023/08"
"PLT-006","광나루3주차장","15878","1179708","2023/08"
"PLT-010","잠원1주차장","15117","1106950","2023/08"
"PLT-009","반포1주차장","27072","1158615","2023/08"
"PLT-008","여의도4주차장","5491","1549119","2023/08"
"PLT-006","광나루1,2주차장","24324","2011137","2023/08"
"PLT-009","반포2,3주차장","99414","6294769","2023/08"
"PLT-007","양화3,4,5주차장","23081","1995000","2023/08"
"PLT-004","이촌3,4주차장","27210","2329236","2023/08"
"PLT-011","잠실4주차장","57155","3530615","2023/07"
"PLT-006","광나루4주차장","3706","105739","2023/07"
"PLT-004","이촌1주차장","1651","225989","2023/07"
"PLT-006","광나루3주차장","11400","811154","2023/07"
"PLT-008","여의도4주차장","4481","1192945","2023/07"
"PLT-005","뚝섬2주차장","21107","2613427","2023/07"
"PLT-004","이촌3,4주차장","22325","1813954","2023/07"
"PLT-002","난지1,2,3주차장","46434","3279036","2023/07"
"PLT-009","반포2,3주차장","55229","3529619","2023/07"
"PLT-003","망원2,3주차장","23582","1974112","2023/07"
"PLT-005","뚝섬4주차장","19114","1780068","2023/07"
"PLT-008","여의도1주차장","57150","7287363","2023/07"
"PLT-010","잠원1주차장","14301","1050519","2023/07"
"PLT-007","양화2주차장","1406","128719","2023/07"
"PLT-009","반포1주차장","17717","734109","2023/07"
"PLT-010","잠원2-6주차장","56358","6121110","2023/07"
"PLT-003","망원1주차장","8792","682087","2023/07"
"PLT-007","양화3,4,5주차장","20431","1833834","2023/07"
"PLT-008","여의도3주차장","38063","9549855","2023/07"
"PLT-008","여의도5주차장","7212","1761965","2023/07"
"PLT-005","뚝섬3주차장","13093","1683337","2023/07"
"PLT-011","잠실1주차장","55909","1645637","2023/07"
"PLT-006","광나루1,2주차장","21964","1808225","2023/07"
"PLT-001","강서1주차장","4875","314985","2023/07"
"PLT-005","뚝섬1주차장","7230","515757","2023/07"
"PLT-008","여의도2주차장","28589","5000570","2023/07"
"PLT-007","양화1주차장","7050","691090","2023/07"
"PLT-004","이촌2주차장","8137","616158","2023/07"
"PLT-008","여의도1주차장","69252","9815134","2023/06"
"PLT-011","잠실1주차장","59839","2043059","2023/06"
"PLT-006","광나루3주차장","16948","1372890","2023/06"
"PLT-010","잠원2-6주차장","62470","6492751","2023/06"
"PLT-008","여의도3주차장","42894","10581445","2023/06"
"PLT-008","여의도5주차장","8515","2211331","2023/06"
"PLT-004","이촌2주차장","10555","845887","2023/06"
"PLT-007","양화1주차장","8851","904000","2023/06"
"PLT-009","반포2,3주차장","83782","6720562","2023/06"
"PLT-005","뚝섬2주차장","25726","3038023","2023/06"
"PLT-008","여의도2주차장","33920","5512816","2023/06"
"PLT-003","망원1주차장","11300","957027","2023/06"
"PLT-004","이촌1주차장","2991","378437","2023/06"
"PLT-005","뚝섬4주차장","21648","2067021","2023/06"
"PLT-006","광나루1,2주차장","24508","1923474","2023/06"
"PLT-011","잠실4주차장","64843","4911473","2023/06"
"PLT-009","반포1주차장","30882","1689028","2023/06"
"PLT-007","양화3,4,5주차장","25847","2413490","2023/06"
"PLT-002","난지1,2,3주차장","57577","4279561","2023/06"
"PLT-006","광나루4주차장","4081","115989","2023/06"
"PLT-001","강서1주차장","6766","539059","2023/06"
"PLT-010","잠원1주차장","17946","1429951","2023/06"
"PLT-007","양화2주차장","1972","192996","2023/06"
"PLT-005","뚝섬1주차장","8889","645458","2023/06"
"PLT-004","이촌3,4주차장","30402","2832210","2023/06"
"PLT-003","망원2,3주차장","31243","2947483","2023/06"
"PLT-005","뚝섬3주차장","13876","1438728","2023/06"
"PLT-008","여의도4주차장","5476","1529781","2023/06"
"PLT-010","잠원2-6주차장","68396","7254266","2023/05"
"PLT-008","여의도3주차장","45133","10869854","2023/05"
"PLT-002","난지1,2,3주차장","68898","5337154","2023/05"
"PLT-005","뚝섬3주차장","15375","1607282","2023/05"
"PLT-006","광나루1,2주차장","26724","2058949","2023/05"
"PLT-005","뚝섬2주차장","28763","3629885","2023/05"
"PLT-003","망원2,3주차장","37234","3564061","2023/05"
"PLT-008","여의도1주차장","82594","10762414","2023/05"
"PLT-003","망원1주차장","13355","1134052","2023/05"
"PLT-005","뚝섬1주차장","10974","816598","2023/05"
"PLT-005","뚝섬4주차장","25100","2377852","2023/05"
"PLT-001","강서1주차장","7420","591540","2023/05"
"PLT-007","양화3,4,5주차장","32437","2961896","2023/05"
"PLT-010","잠원1주차장","25946","1883174","2023/05"
"PLT-007","양화1주차장","10098","1040372","2023/05"
"PLT-006","광나루3주차장","19065","1558041","2023/05"
"PLT-004","이촌1주차장","3772","394930","2023/05"
"PLT-008","여의도4주차장","5376","1570696","2023/05"
"PLT-004","이촌2주차장","12624","1009701","2023/05"
"PLT-011","잠실1주차장","62853","2361991","2023/05"
"PLT-009","반포2,3주차장","107124","9445798","2023/05"
"PLT-004","이촌3,4주차장","34015","3080190","2023/05"
"PLT-006","광나루4주차장","3567","110811","2023/05"
"PLT-008","여의도5주차장","8515","2323610","2023/05"
"PLT-008","여의도2주차장","40439","6031794","2023/05"
"PLT-007","양화2주차장","2279","213502","2023/05"
"PLT-009","반포1주차장","38583","2365643","2023/05"
"PLT-011","잠실4주차장","73914","4824315","2023/05"
"PLT-006","광나루4주차장","3252","71295","2023/04"
"PLT-005","뚝섬3주차장","14271","1442281","2023/04"
"PLT-011","잠실4주차장","70677","4308461","2023/04"
"PLT-008","여의도5주차장","8959","2286130","2023/04"
"PLT-010","잠원2-6주차장","61140","6318611","2023/04"
"PLT-010","잠원1주차장","30227","1595771","2023/04"
"PLT-008","여의도3주차장","52449","11040713","2023/04"
"PLT-001","강서1주차장","6873","523784","2023/04"
"PLT-005","뚝섬4주차장","23223","2098265","2023/04"
"PLT-003","망원2,3주차장","34072","3331711","2023/04"
"PLT-007","양화2주차장","2161","188900","2023/04"
"PLT-004","이촌1주차장","3370","323904","2023/04"
"PLT-011","잠실1주차장","60321","2057084","2023/04"
"PLT-005","뚝섬1주차장","9549","643997","2023/04"
"PLT-007","양화1주차장","9910","945881","2023/04"
"PLT-006","광나루1,2주차장","25025","1554805","2023/04"
"PLT-008","여의도1주차장","79873","10145839","2023/04"
"PLT-006","광나루3주차장","15790","1224536","2023/04"
"PLT-002","난지1,2,3주차장","69801","4923899","2023/04"
"PLT-003","망원1주차장","12899","1091936","2023/04"
"PLT-009","반포2,3주차장","89795","7701989","2023/04"
"PLT-007","양화3,4,5주차장","31778","2751544","2023/04"
"PLT-004","이촌2주차장","11229","847249","2023/04"
"PLT-004","이촌3,4주차장","32989","3010618","2023/04"
"PLT-009","반포1주차장","33103","1823259","2023/04"
"PLT-005","뚝섬2주차장","26014","3219397","2023/04"
"PLT-008","여의도2주차장","38049","5428485","2023/04"
"PLT-008","여의도4주차장","7822","1725298","2023/04"
"PLT-007","양화3,4,5주차장","27448","2191883","2023/03"
"PLT-006","광나루4주차장","1169","15597","2023/03"
"PLT-004","이촌3,4주차장","29348","2657690","2023/03"
"PLT-003","망원2,3주차장","33498","3004606","2023/03"
"PLT-010","잠원2-6주차장","57882","5973969","2023/03"
"PLT-005","뚝섬4주차장","26206","1912279","2023/03"
"PLT-005","뚝섬2주차장","24788","2779630","2023/03"
"PLT-008","여의도4주차장","6794","1555620","2023/03"
"PLT-003","망원1주차장","11770","962716","2023/03"
"PLT-007","양화2주차장","1803","169383","2023/03"
"PLT-010","잠원1주차장","31890","1361463","2023/03"
"PLT-008","여의도5주차장","9387","2484410","2023/03"
"PLT-009","반포2,3주차장","73659","6034034","2023/03"
"PLT-004","이촌2주차장","8830","592288","2023/03"
"PLT-006","광나루3주차장","15870","1171416","2023/03"
"PLT-005","뚝섬1주차장","8847","599301","2023/03"
"PLT-006","광나루1,2주차장","22632","1711878","2023/03"
"PLT-008","여의도2주차장","43662","6098964","2023/03"
"PLT-008","여의도1주차장","78309","9379603","2023/03"
"PLT-007","양화1주차장","8998","871650","2023/03"
"PLT-011","잠실1주차장","60111","1932259","2023/03"
"PLT-001","강서1주차장","6342","417238","2023/03"
"PLT-004","이촌1주차장","2653","280992","2023/03"
"PLT-005","뚝섬3주차장","13504","1188807","2023/03"
"PLT-002","난지1,2,3주차장","53542","3433073","2023/03"
"PLT-008","여의도3주차장","47386","11223561","2023/03"
"PLT-009","반포1주차장","25927","1102179","2023/03"
"PLT-011","잠실4주차장","62776","3375926","2023/03"
"PLT-004","이촌3,4주차장","17821","1461039","2023/02"
"PLT-011","잠실4주차장","45854","2029659","2023/02"
"PLT-010","잠원1주차장","20486","947765","2023/02"
"PLT-006","광나루3주차장","11941","746313","2023/02"
"PLT-010","잠원2-6주차장","44000","4632106","2023/02"
"PLT-005","뚝섬4주차장","16281","1229135","2023/02"
"PLT-005","뚝섬1주차장","5257","369803","2023/02"
"PLT-008","여의도1주차장","47346","6188823","2023/02"
"PLT-003","망원1주차장","7193","610788","2023/02"
"PLT-004","이촌2주차장","7555","557319","2023/02"
"PLT-005","뚝섬3주차장","9121","856112","2023/02"
"PLT-008","여의도4주차장","5622","1064527","2023/02"
"PLT-007","양화2주차장","1109","76069","2023/02"
"PLT-001","강서1주차장","4112","238745","2023/02"
"PLT-008","여의도3주차장","28029","8436847","2023/02"
"PLT-011","잠실1주차장","46821","1303871","2023/02"
"PLT-003","망원2,3주차장","23534","1987548","2023/02"
"PLT-005","뚝섬2주차장","16193","1963495","2023/02"
"PLT-009","반포1주차장","13051","436631","2023/02"
"PLT-009","반포2,3주차장","52993","3414589","2023/02"
"PLT-008","여의도5주차장","7746","2163159","2023/02"
"PLT-008","여의도2주차장","24501","4420000","2023/02"
"PLT-007","양화3,4,5주차장","15216","1188574","2023/02"
"PLT-006","광나루1,2주차장","13999","1119683","2023/02"
"PLT-007","양화1주차장","5791","542477","2023/02"
"PLT-002","난지1,2,3주차장","39606","1994522","2023/02"
"PLT-004","이촌1주차장","1793","202893","2023/02"
"PLT-003","망원2,3주차장","20511","1635023","2023/01"
"PLT-007","양화1주차장","5188","486641","2023/01"
"PLT-007","양화3,4,5주차장","14276","1059215","2023/01"
"PLT-010","잠원1주차장","16527","784468","2023/01"
"PLT-006","광나루4주차장","1","0","2023/01"
"PLT-011","잠실4주차장","43487","1792184","2023/01"
"PLT-007","양화2주차장","965","63230","2023/01"
"PLT-003","망원1주차장","6390","531026","2023/01"
"PLT-006","광나루3주차장","11632","645572","2023/01"
"PLT-009","반포1주차장","16433","471285","2023/01"
"PLT-001","강서1주차장","3455","161686","2023/01"
"PLT-008","여의도3주차장","27028","8318207","2023/01"
"PLT-006","광나루1,2주차장","11107","807162","2023/01"
"PLT-008","여의도2주차장","20816","3890028","2023/01"
"PLT-008","여의도5주차장","7880","2174165","2023/01"
"PLT-005","뚝섬3주차장","10820","1202922","2023/01"
"PLT-004","이촌3,4주차장","17867","1336966","2023/01"
"PLT-005","뚝섬2주차장","14816","1837112","2023/01"
"PLT-002","난지1,2,3주차장","32430","1474357","2023/01"
"PLT-010","잠원2-6주차장","43061","5020193","2023/01"
"PLT-005","뚝섬1주차장","4389","315409","2023/01"
"PLT-004","이촌1주차장","1459","135463","2023/01"
"PLT-005","뚝섬4주차장","13264","1094246","2023/01"
"PLT-004","이촌2주차장","6733","448480","2023/01"
"PLT-009","반포2,3주차장","46727","3298376","2023/01"
"PLT-008","여의도1주차장","37644","4741477","2023/01"
"PLT-008","여의도4주차장","3963","1176080","2023/01"
"PLT-011","잠실1주차장","45116","1041568","2023/01"
"PLT-007","양화3,4,5주차장","13083","1068164","2022/12"
"PLT-003","망원2,3주차장","19154","1598671","2022/12"
"PLT-006","광나루1,2주차장","11790","984152","2022/12"
"PLT-007","양화1주차장","4892","505363","2022/12"
"PLT-004","이촌1주차장","1451","161694","2022/12"
"PLT-008","여의도3주차장","24980","7547903","2022/12"
"PLT-005","뚝섬1주차장","4306","366002","2022/12"
"PLT-005","뚝섬3주차장","8018","878246","2022/12"
"PLT-003","망원1주차장","6264","569639","2022/12"
"PLT-004","이촌2주차장","6708","456164","2022/12"
"PLT-008","여의도5주차장","8463","2346467","2022/12"
"PLT-007","양화2주차장","849","59718","2022/12"
"PLT-002","난지1,2,3주차장","36531","2127165","2022/12"
"PLT-011","잠실1주차장","45327","1150855","2022/12"
"PLT-008","여의도2주차장","21185","3856858","2022/12"
"PLT-009","반포1주차장","15566","515262","2022/12"
"PLT-006","광나루3주차장","10526","699352","2022/12"
"PLT-010","잠원1주차장","15447","907712","2022/12"
"PLT-008","여의도4주차장","5122","1416913","2022/12"
"PLT-004","이촌3,4주차장","17759","1225797","2022/12"
"PLT-005","뚝섬4주차장","12640","1026830","2022/12"
"PLT-009","반포2,3주차장","51719","4145073","2022/12"
"PLT-005","뚝섬2주차장","13249","1778116","2022/12"
"PLT-011","잠실4주차장","45823","2456016","2022/12"
"PLT-001","강서1주차장","3195","176066","2022/12"
"PLT-008","여의도1주차장","43585","5902231","2022/12"
"PLT-010","잠원2-6주차장","39404","4653607","2022/12"
"PLT-001","강서1주차장","5226","405793","2022/11"
"PLT-011","잠실1주차장","53946","1535262","2022/11"
"PLT-005","뚝섬3주차장","9304","825906","2022/11"
"PLT-008","여의도4주차장","5652","1627170","2022/11"
"PLT-005","뚝섬2주차장","16709","2086728","2022/11"
"PLT-003","망원2,3주차장","24721","2251367","2022/11"
"PLT-007","양화1주차장","6920","739362","2022/11"
"PLT-007","양화2주차장","1614","123404","2022/11"
"PLT-010","잠원2-6주차장","40492","4437176","2022/11"
"PLT-008","여의도5주차장","9447","2770966","2022/11"
"PLT-008","여의도1주차장","63622","7612800","2022/11"
"PLT-010","잠원1주차장","18744","1264801","2022/11"
"PLT-008","여의도3주차장","31801","9118907","2022/11"
"PLT-004","이촌1주차장","2255","218449","2022/11"
"PLT-011","잠실4주차장","49712","3103126","2022/11"
"PLT-009","반포1주차장","19609","722977","2022/11"
"PLT-004","이촌2주차장","10193","662041","2022/11"
"PLT-002","난지1,2,3주차장","48529","3102081","2022/11"
"PLT-007","양화3,4,5주차장","19784","1550878","2022/11"
"PLT-003","망원1주차장","8777","787874","2022/11"
"PLT-008","여의도2주차장","26609","4956256","2022/11"
"PLT-006","광나루1,2주차장","17345","1418010","2022/11"
"PLT-005","뚝섬1주차장","5875","503154","2022/11"
"PLT-004","이촌3,4주차장","23015","1933574","2022/11"
"PLT-005","뚝섬4주차장","20180","1315866","2022/11"
"PLT-009","반포2,3주차장","59763","4470217","2022/11"
"PLT-006","광나루3주차장","17201","1172580","2022/11"
"PLT-007","양화1주차장","7470","912217","2022/10"
"PLT-011","잠실1,2,3,4주차장","69761","4980622","2022/10"
"PLT-011","잠실1주차장","9808","312224","2022/10"
"PLT-009","반포1주차장","26639","1364947","2022/10"
"PLT-010","잠원2-6주차장","55284","5877800","2022/10"
"PLT-007","양화3,4,5주차장","25763","1958446","2022/10"
"PLT-008","여의도2주차장","28126","4542083","2022/10"
"PLT-005","뚝섬1주차장","7351","565406","2022/10"
"PLT-007","양화2주차장","2051","197389","2022/10"
"PLT-003","망원1주차장","10875","948070","2022/10"
"PLT-008","여의도4주차장","5154","1365424","2022/10"
"PLT-005","뚝섬3주차장","12339","1131090","2022/10"
"PLT-009","반포2,3주차장","80168","6935776","2022/10"
"PLT-001","강서1주차장","6141","515151","2022/10"
"PLT-005","뚝섬2주차장","21842","2624310","2022/10"
"PLT-002","난지1,2,3주차장","52120","3574747","2022/10"
"PLT-003","망원2,3주차장","29002","2722258","2022/10"
"PLT-005","뚝섬4주차장","16018","1555284","2022/10"
"PLT-004","이촌3,4주차장","27588","2421604","2022/10"
"PLT-008","여의도5주차장","8984","2320062","2022/10"
"PLT-008","여의도1주차장","73247","8704308","2022/10"
"PLT-008","여의도3주차장","34935","8710036","2022/10"
"PLT-010","잠원1주차장","22768","1607623","2022/10"
"PLT-004","이촌2주차장","9376","746258","2022/10"
"PLT-004","이촌1주차장","967","109526","2022/10"
"PLT-006","광나루3주차장","19466","1303204","2022/10"
"PLT-006","광나루1,2주차장","21756","1810688","2022/10"
"PLT-003","망원2,3주차장","36220","3183828","2022/09"
"PLT-011","잠실1,2,3,4주차장","97487","7284368","2022/09"
"PLT-002","난지1,2,3주차장","80947","5564883","2022/09"
"PLT-008","여의도1주차장","110321","10969822","2022/09"
"PLT-007","양화3,4,5주차장","35252","2260137","2022/09"
"PLT-006","광나루3주차장","17139","1100292","2022/09"
"PLT-009","반포2,3주차장","69875","6221874","2022/09"
"PLT-004","이촌2주차장","12023","951202","2022/09"
"PLT-001","강서1주차장","5570","448778","2022/09"
"PLT-004","이촌3,4주차장","22269","1628057","2022/09"
"PLT-008","여의도4주차장","5029","1350083","2022/09"
"PLT-007","양화1주차장","7652","781706","2022/09"
"PLT-010","잠원1주차장","27525","2020578","2022/09"
"PLT-004","이촌1주차장","2245","216797","2022/09"
"PLT-008","여의도5주차장","9343","2089171","2022/09"
"PLT-005","뚝섬4주차장","23119","2420837","2022/09"
"PLT-008","여의도3주차장","46611","9858624","2022/09"
"PLT-009","반포1주차장","24219","1432830","2022/09"
"PLT-010","잠원2-6주차장","74014","7099872","2022/09"
"PLT-003","망원1주차장","14119","750236","2022/09"
"PLT-008","여의도2주차장","45209","5627490","2022/09"
"PLT-005","뚝섬3주차장","17261","1674741","2022/09"
"PLT-005","뚝섬2주차장","33572","3735573","2022/09"
"PLT-005","뚝섬1주차장","11399","678772","2022/09"
"PLT-007","양화2주차장","2425","237890","2022/09"
"PLT-006","광나루1,2주차장","27307","2098985","2022/09"
"PLT-001","강서1주차장","5061","367654","2022/08"
"PLT-004","이촌3,4주차장","17206","1304511","2022/08"
"PLT-008","여의도2주차장","34676","4665070","2022/08"
"PLT-005","뚝섬1주차장","7414","487238","2022/08"
"PLT-005","뚝섬3주차장","13921","1717520","2022/08"
"PLT-008","여의도4주차장","4443","1219564","2022/08"
"PLT-004","이촌1주차장","1446","87109","2022/08"
"PLT-008","여의도5주차장","7007","1838276","2022/08"
"PLT-007","양화2주차장","1512","137710","2022/08"
"PLT-008","여의도3주차장","37941","8813228","2022/08"
"PLT-005","뚝섬4주차장","19692","1935588","2022/08"
"PLT-004","이촌2주차장","8028","556472","2022/08"
"PLT-007","양화1주차장","6725","777563","2022/08"
"PLT-009","반포1주차장","21657","1052945","2022/08"
"PLT-002","난지1,2,3주차장","59145","3923590","2022/08"
"PLT-011","잠실1,2,3,4주차장","85542","5887337","2022/08"
"PLT-003","망원1주차장","6405","437839","2022/08"
"PLT-006","광나루3주차장","11794","659189","2022/08"
"PLT-005","뚝섬2주차장","24836","2917255","2022/08"
"PLT-010","잠원1주차장","21162","1388072","2022/08"
"PLT-006","광나루1,2주차장","23368","2064034","2022/08"
"PLT-010","잠원2-6주차장","61332","6279870","2022/08"
"PLT-009","반포2,3주차장","61242","4732560","2022/08"
"PLT-003","망원2,3주차장","26641","2289194","2022/08"
"PLT-008","여의도1주차장","83791","8461904","2022/08"
"PLT-007","양화3,4,5주차장","26954","1700424","2022/08"
"PLT-007","양화1주차장","8021","978197","2022/07"
"PLT-003","망원1주차장","5460","383405","2022/07"
"PLT-008","여의도3주차장","41726","9589694","2022/07"
"PLT-006","광나루3주차장","21022","1294194","2022/07"
"PLT-007","양화2주차장","1507","162173","2022/07"
"PLT-009","반포1주차장","26204","1134818","2022/07"
"PLT-010","잠원2-6주차장","69107","7458885","2022/07"
"PLT-003","망원2,3주차장","34911","2993589","2022/07"
"PLT-011","잠실1,2,3,4주차장","94311","6495033","2022/07"
"PLT-002","난지1,2,3주차장","54822","4014211","2022/07"
"PLT-008","여의도1주차장","78405","8976575","2022/07"
"PLT-008","여의도2주차장","37223","5437835","2022/07"
"PLT-001","강서1주차장","6677","458836","2022/07"
"PLT-008","여의도4주차장","4975","1430113","2022/07"
"PLT-005","뚝섬4주차장","22340","2234001","2022/07"
"PLT-007","양화3,4,5주차장","29415","2021453","2022/07"
"PLT-004","이촌1주차장","2190","154903","2022/07"
"PLT-006","광나루1,2주차장","27150","2549745","2022/07"
"PLT-005","뚝섬3주차장","15916","2108025","2022/07"
"PLT-004","이촌3,4주차장","26278","2253784","2022/07"
"PLT-004","이촌2주차장","10403","742884","2022/07"
"PLT-005","뚝섬1주차장","8136","629042","2022/07"
"PLT-005","뚝섬2주차장","26222","3086722","2022/07"
"PLT-008","여의도5주차장","8190","2209409","2022/07"
"PLT-010","잠원1주차장","19271","1493601","2022/07"
"PLT-009","반포2,3주차장","78750","6276442","2022/07"
"PLT-007","양화3,4,5주차장","29480","2142736","2022/06"
"PLT-008","여의도5주차장","8588","2180586","2022/06"
"PLT-005","뚝섬1주차장","9622","699785","2022/06"
"PLT-001","강서1주차장","7660","602676","2022/06"
"PLT-005","뚝섬2주차장","29171","3408894","2022/06"
"PLT-010","잠원1주차장","14141","1041199","2022/06"
"PLT-006","광나루1,2주차장","26170","2120594","2022/06"
"PLT-010","잠원2-6주차장","70523","7250594","2022/06"
"PLT-005","뚝섬3주차장","14625","1445236","2022/06"
"PLT-008","여의도1주차장","87508","10414726","2022/06"
"PLT-008","여의도2주차장","36434","5462206","2022/06"
"PLT-003","망원1주차장","12073","933823","2022/06"
"PLT-009","반포1주차장","35023","1973954","2022/06"
"PLT-007","양화2주차장","1986","214857","2022/06"
"PLT-008","여의도4주차장","5254","1458156","2022/06"
"PLT-004","이촌2주차장","11682","936675","2022/06"
"PLT-005","뚝섬4주차장","21148","2161259","2022/06"
"PLT-009","반포2,3주차장","95394","8371143","2022/06"
"PLT-008","여의도3주차장","43206","9929131","2022/06"
"PLT-007","양화1주차장","9420","1016177","2022/06"
"PLT-002","난지1,2,3주차장","59655","4718692","2022/06"
"PLT-011","잠실1,2,3,4주차장","106150","7777436","2022/06"
"PLT-004","이촌3,4주차장","33150","3084987","2022/06"
"PLT-004","이촌1주차장","2762","197606","2022/06"
"PLT-003","망원2,3주차장","35946","3361591","2022/06"
"PLT-006","광나루3주차장","24421","1624249","2022/06"
"PLT-006","광나루1,2주차장","31077","2529779","2022/05"
"PLT-009","반포2,3주차장","115326","10536780","2022/05"
"PLT-005","뚝섬3주차장","17015","1774471","2022/05"
"PLT-003","망원1주차장","14832","1209023","2022/05"
"PLT-007","양화2주차장","2776","298185","2022/05"
"PLT-006","광나루3주차장","27878","1884139","2022/05"
"PLT-009","반포1주차장","40067","2645455","2022/05"
"PLT-005","뚝섬1주차장","11035","862775","2022/05"
"PLT-004","이촌2주차장","14636","1220260","2022/05"
"PLT-008","여의도3주차장","47241","10962437","2022/05"
"PLT-003","망원2,3주차장","40488","4116588","2022/05"
"PLT-010","잠원1주차장","1","0","2022/05"
"PLT-004","이촌3,4주차장","39510","3660037","2022/05"
"PLT-008","여의도4주차장","5632","1562218","2022/05"
"PLT-004","이촌1주차장","3477","251072","2022/05"
"PLT-002","난지1,2,3주차장","81954","5818399","2022/05"
"PLT-008","여의도2주차장","45284","6169747","2022/05"
"PLT-007","양화3,4,5주차장","37541","2888183","2022/05"
"PLT-001","강서1주차장","9398","687440","2022/05"
"PLT-005","뚝섬2주차장","34208","4162071","2022/05"
"PLT-011","잠실1,2,3,4주차장","120659","9131855","2022/05"
"PLT-005","뚝섬4주차장","24155","2485740","2022/05"
"PLT-008","여의도1주차장","105149","12215235","2022/05"
"PLT-008","여의도5주차장","9662","2520216","2022/05"
"PLT-007","양화1주차장","11042","1220080","2022/05"
"PLT-010","잠원2-6주차장","86281","8638726","2022/05"
"PLT-011","잠실1,2,3,4주차장","108772","7628083","2022/04"
"PLT-005","뚝섬3주차장","16324","1544691","2022/04"
"PLT-004","이촌3,4주차장","36417","3114648","2022/04"
"PLT-002","난지1,2,3주차장","65604","4682552","2022/04"
"PLT-008","여의도3주차장","58764","11114280","2022/04"
"PLT-005","뚝섬4주차장","24062","2284665","2022/04"
"PLT-010","잠원2-6주차장","81623","7902529","2022/04"
"PLT-009","반포2,3주차장","101292","7766736","2022/04"
"PLT-005","뚝섬2주차장","30984","3601229","2022/04"
"PLT-006","광나루1,2주차장","26969","2178277","2022/04"
"PLT-006","광나루3주차장","24869","1631430","2022/04"
"PLT-007","양화2주차장","2505","255357","2022/04"
"PLT-008","여의도2주차장","51868","6082708","2022/04"
"PLT-003","망원2,3주차장","37965","3704613","2022/04"
"PLT-001","강서1주차장","8786","634559","2022/04"
"PLT-004","이촌2주차장","13236","1010444","2022/04"
"PLT-005","뚝섬1주차장","9434","668125","2022/04"
"PLT-008","여의도1주차장","117488","13022886","2022/04"
"PLT-007","양화3,4,5주차장","40060","2607116","2022/04"
"PLT-004","이촌1주차장","3081","245483","2022/04"
"PLT-009","반포1주차장","39731","2341150","2022/04"
"PLT-008","여의도5주차장","11003","2647278","2022/04"
"PLT-008","여의도4주차장","8391","1748652","2022/04"
"PLT-003","망원1주차장","13900","1057906","2022/04"
"PLT-007","양화1주차장","10967","1183078","2022/04"
"PLT-006","광나루3주차장","17572","1057191","2022/03"
"PLT-007","양화3,4,5주차장","22852","1360470","2022/03"
"PLT-005","뚝섬2주차장","21199","2394427","2022/03"
"PLT-009","반포1주차장","23421","1049069","2022/03"
"PLT-004","이촌3,4주차장","24397","1929625","2022/03"
"PLT-007","양화1주차장","6963","817712","2022/03"
"PLT-004","이촌2주차장","8463","557749","2022/03"
"PLT-006","광나루1,2주차장","19042","1608934","2022/03"
"PLT-008","여의도1주차장","71203","8137123","2022/03"
"PLT-009","반포2,3주차장","72526","4535846","2022/03"
"PLT-005","뚝섬3주차장","11042","869012","2022/03"
"PLT-010","잠원2-6주차장","41296","3789204","2022/03"
"PLT-003","망원1주차장","10484","731016","2022/03"
"PLT-003","망원2,3주차장","31269","2824200","2022/03"
"PLT-010","잠원1-6주차장","23367","2154475","2022/03"
"PLT-008","여의도4주차장","4877","1463952","2022/03"
"PLT-008","여의도2주차장","32869","4547624","2022/03"
"PLT-007","양화2주차장","1636","129623","2022/03"
"PLT-001","강서1주차장","5750","341987","2022/03"
"PLT-008","여의도3주차장","27472","6967067","2022/03"
"PLT-011","잠실1,2,3,4주차장","81699","5023975","2022/03"
"PLT-005","뚝섬1주차장","6365","396298","2022/03"
"PLT-002","난지1,2,3주차장","42293","2708878","2022/03"
"PLT-004","이촌1주차장","2365","184715","2022/03"
"PLT-005","뚝섬4주차장","19129","1537985","2022/03"
"PLT-008","여의도5주차장","8662","2450060","2022/03"
"PLT-004","이촌2주차장","6596","399182","2022/02"
"PLT-003","망원2,3주차장","24969","1922780","2022/02"
"PLT-008","여의도1주차장","51603","5580723","2022/02"
"PLT-007","양화1주차장","4993","539700","2022/02"
"PLT-009","반포2,3주차장","56182","3252742","2022/02"
"PLT-007","양화3,4,5주차장","18321","1026629","2022/02"
"PLT-008","여의도3주차장","21212","6201655","2022/02"
"PLT-001","강서1주차장","4337","207513","2022/02"
"PLT-005","뚝섬1주차장","4561","271108","2022/02"
"PLT-008","여의도4주차장","3790","1069549","2022/02"
"PLT-003","망원1주차장","7271","509660","2022/02"
"PLT-008","여의도5주차장","7452","1930468","2022/02"
"PLT-009","반포1주차장","17832","682624","2022/02"
"PLT-004","이촌1주차장","1904","133622","2022/02"
"PLT-005","뚝섬4주차장","14194","1051324","2022/02"
"PLT-005","뚝섬3주차장","7815","507055","2022/02"
"PLT-006","광나루1,2주차장","13735","1068427","2022/02"
"PLT-008","여의도2주차장","20821","3087779","2022/02"
"PLT-006","광나루3주차장","13698","675673","2022/02"
"PLT-010","잠원1-6주차장","57369","4913381","2022/02"
"PLT-005","뚝섬2주차장","15499","1615519","2022/02"
"PLT-007","양화2주차장","1083","72759","2022/02"
"PLT-004","이촌3,4주차장","21305","1555776","2022/02"
"PLT-002","난지1,2,3주차장","31281","1424491","2022/02"
"PLT-011","잠실1,2,3,4주차장","64716","3257661","2022/02"
"PLT-011","잠실1,2,3,4주차장","77359","3776685","2022/01"
"PLT-004","이촌1주차장","1848","141007","2022/01"
"PLT-005","뚝섬1주차장","5120","318815","2022/01"
"PLT-004","이촌2주차장","7176","471558","2022/01"
"PLT-008","여의도5주차장","8598","2314594","2022/01"
"PLT-008","여의도4주차장","4774","1398495","2022/01"
"PLT-005","뚝섬2주차장","16798","1857824","2022/01"
"PLT-008","여의도1주차장","55378","6879020","2022/01"
"PLT-008","여의도3주차장","25606","7768612","2022/01"
"PLT-007","양화1주차장","5425","624646","2022/01"
"PLT-005","뚝섬3주차장","8447","567814","2022/01"
"PLT-003","망원2,3주차장","25995","2172904","2022/01"
"PLT-001","강서1주차장","4673","256857","2022/01"
"PLT-008","여의도2주차장","22047","3812280","2022/01"
"PLT-010","잠원1-6주차장","64414","5917358","2022/01"
"PLT-007","양화3,4,5주차장","17480","1115006","2022/01"
"PLT-002","난지1,2,3주차장","34963","1553525","2022/01"
"PLT-009","반포1주차장","19839","832656","2022/01"
"PLT-007","양화2주차장","1443","134309","2022/01"
"PLT-009","반포2,3주차장","59730","3566432","2022/01"
"PLT-006","광나루1,2주차장","14330","1191919","2022/01"
"PLT-003","망원1주차장","7408","532321","2022/01"
"PLT-006","광나루3주차장","16383","751542","2022/01"
"PLT-005","뚝섬4주차장","14937","1112609","2022/01"
"PLT-004","이촌3,4주차장","24292","1834326","2022/01"
"PLT-004","이촌1주차장","1726","128506","2021/12"
"PLT-005","뚝섬1주차장","4994","325239","2021/12"
"PLT-008","여의도2주차장","19289","3500518","2021/12"
"PLT-008","여의도5주차장","9264","2918219","2021/12"
"PLT-002","난지1,2,3주차장","34796","1916350","2021/12"
"PLT-008","여의도3주차장","25577","7895693","2021/12"
"PLT-007","양화2주차장","1238","131980","2021/12"
"PLT-004","이촌2주차장","7229","446966","2021/12"
"PLT-005","뚝섬4주차장","13398","1081421","2021/12"
"PLT-004","이촌3,4주차장","24054","1712975","2021/12"
"PLT-007","양화1주차장","6665","678668","2021/12"
"PLT-003","망원1주차장","7217","597786","2021/12"
"PLT-008","여의도4주차장","5062","1529125","2021/12"
"PLT-008","여의도1주차장","52730","7509156","2021/12"
"PLT-006","광나루1,2주차장","8992","961808","2021/12"
"PLT-011","잠실1,2,3,4주차장","79270","4131947","2021/12"
"PLT-003","망원2,3주차장","25088","2176928","2021/12"
"PLT-005","뚝섬3주차장","7711","541978","2021/12"
"PLT-007","양화3,4,5주차장","16533","1247040","2021/12"
"PLT-005","뚝섬2주차장","15371","1801606","2021/12"
"PLT-009","반포1주차장","18748","775742","2021/12"
"PLT-009","반포2,3주차장","60210","3733299","2021/12"
"PLT-006","광나루3주차장","18872","811517","2021/12"
"PLT-001","강서1주차장","4246","251552","2021/12"
"PLT-010","잠원1-6주차장","60693","5411700","2021/12"
"PLT-003","망원1주차장","8231","693558","2021/11"
"PLT-006","광나루3주차장","19174","993145","2021/11"
"PLT-007","양화1주차장","9229","834029","2021/11"
"PLT-005","뚝섬1주차장","5088","395243","2021/11"
"PLT-011","잠실1,2,3,4주차장","85033","4827468","2021/11"
"PLT-002","난지1,2,3주차장","49859","2745918","2021/11"
"PLT-004","이촌2주차장","7978","579533","2021/11"
"PLT-010","잠원1-6주차장","66025","6341310","2021/11"
"PLT-005","뚝섬2주차장","17285","2062607","2021/11"
"PLT-006","광나루1,2주차장","10636","1224387","2021/11"
"PLT-005","뚝섬4주차장","14928","1341503","2021/11"
"PLT-008","여의도1주차장","59246","8461397","2021/11"
"PLT-008","여의도4주차장","4929","1413664","2021/11"
"PLT-009","반포1주차장","20169","1020674","2021/11"
"PLT-007","양화3,4,5주차장","22491","1778903","2021/11"
"PLT-004","이촌3,4주차장","27554","2112957","2021/11"
"PLT-004","이촌1주차장","2069","164737","2021/11"
"PLT-007","양화2주차장","1669","141297","2021/11"
"PLT-008","여의도3주차장","28775","8634429","2021/11"
"PLT-009","반포2,3주차장","65316","4943882","2021/11"
"PLT-008","여의도2주차장","23485","4093061","2021/11"
"PLT-003","망원2,3주차장","23899","2316056","2021/11"
"PLT-005","뚝섬3주차장","7825","641338","2021/11"
"PLT-008","여의도5주차장","9201","2876243","2021/11"
"PLT-001","강서1주차장","5480","397428","2021/11"
"PLT-008","여의도3주차장","33863","8274236","2021/10"
"PLT-005","뚝섬1주차장","7092","593593","2021/10"
"PLT-005","뚝섬3주차장","13542","1096019","2021/10"
"PLT-006","광나루3주차장","25064","1473899","2021/10"
"PLT-004","이촌1주차장","2894","199099","2021/10"
"PLT-010","잠원1-6주차장","96634","8426287","2021/10"
"PLT-006","광나루1,2주차장","21181","1723172","2021/10"
"PLT-003","망원2,3주차장","27169","2650408","2021/10"
"PLT-009","반포2,3주차장","90771","6395232","2021/10"
"PLT-009","반포1주차장","29356","1778469","2021/10"
"PLT-008","여의도1주차장","93742","10167615","2021/10"
"PLT-004","이촌3,4주차장","36531","2936102","2021/10"
"PLT-011","잠실1,2,3,4주차장","103855","6712869","2021/10"
"PLT-004","이촌2주차장","11356","831609","2021/10"
"PLT-002","난지1,2,3주차장","64257","4120575","2021/10"
"PLT-005","뚝섬2주차장","26901","2884583","2021/10"
"PLT-007","양화1주차장","9942","970180","2021/10"
"PLT-007","양화2주차장","2338","180049","2021/10"
"PLT-008","여의도4주차장","4811","1321138","2021/10"
"PLT-007","양화3,4,5주차장","31972","2713373","2021/10"
"PLT-001","강서1주차장","8841","638252","2021/10"
"PLT-005","뚝섬4주차장","22644","2018677","2021/10"
"PLT-008","여의도5주차장","9236","2534471","2021/10"
"PLT-008","여의도2주차장","38731","4903745","2021/10"
"PLT-003","망원1주차장","11384","878361","2021/10"
"PLT-005","뚝섬2주차장","32490","3241156","2021/09"
"PLT-004","이촌2주차장","13651","1000865","2021/09"
"PLT-011","잠실1,2,3,4주차장","116119","7881728","2021/09"
"PLT-001","강서1주차장","10118","718579","2021/09"
"PLT-005","뚝섬4주차장","24872","2128681","2021/09"
"PLT-002","난지1,2,3주차장","69328","4695631","2021/09"
"PLT-008","여의도3주차장","37476","7469653","2021/09"
"PLT-007","양화2주차장","2849","220950","2021/09"
"PLT-008","여의도5주차장","9125","2182286","2021/09"
"PLT-003","망원2,3주차장","30624","2718683","2021/09"
"PLT-003","망원1주차장","13615","904489","2021/09"
"PLT-009","반포1주차장","34630","2218584","2021/09"
"PLT-008","여의도2주차장","46778","5235215","2021/09"
"PLT-004","이촌3,4주차장","40193","3164071","2021/09"
"PLT-009","반포2,3주차장","106481","7512134","2021/09"
"PLT-007","양화3,4,5주차장","38642","3229393","2021/09"
"PLT-007","양화1주차장","10646","983700","2021/09"
"PLT-006","광나루3주차장","32422","1471758","2021/09"
"PLT-008","여의도1주차장","113000","10633130","2021/09"
"PLT-006","광나루1,2주차장","28358","1966590","2021/09"
"PLT-005","뚝섬3주차장","17276","1497999","2021/09"
"PLT-008","여의도4주차장","4617","1112946","2021/09"
"PLT-004","이촌1주차장","3404","202633","2021/09"
"PLT-005","뚝섬1주차장","8665","665159","2021/09"
"PLT-010","잠원1-6주차장","105509","8776288","2021/09"
"PLT-005","뚝섬3주차장","9604","582445","2021/08"
"PLT-005","뚝섬4주차장","17850","1199807","2021/08"
"PLT-006","광나루1,2주차장","20718","1063328","2021/08"
"PLT-003","망원1주차장","9202","558301","2021/08"
"PLT-004","이촌1주차장","2265","117737","2021/08"
"PLT-009","반포2,3주차장","66807","3424948","2021/08"
"PLT-008","여의도3주차장","25042","4140208","2021/08"
"PLT-006","광나루3주차장","13586","600042","2021/08"
"PLT-007","양화3,4,5주차장","23096","1370459","2021/08"
"PLT-004","이촌2주차장","9093","511138","2021/08"
"PLT-008","여의도5주차장","6806","1279170","2021/08"
"PLT-011","잠실1,2,3,4주차장","80229","3887182","2021/08"
"PLT-001","강서1주차장","6903","411759","2021/08"
"PLT-009","반포1주차장","22073","975115","2021/08"
"PLT-010","잠원1-6주차장","80548","5120462","2021/08"
"PLT-008","여의도2주차장","27233","3371543","2021/08"
"PLT-008","여의도1주차장","68815","4707490","2021/08"
"PLT-003","망원2,3주차장","20957","1357049","2021/08"
"PLT-008","여의도4주차장","4200","744194","2021/08"
"PLT-004","이촌3,4주차장","27015","1692940","2021/08"
"PLT-005","뚝섬1주차장","5710","393464","2021/08"
"PLT-007","양화2주차장","1703","105195","2021/08"
"PLT-002","난지1,2,3주차장","50529","1979265","2021/08"
"PLT-005","뚝섬2주차장","18368","1254621","2021/08"
"PLT-007","양화1주차장","6738","529524","2021/08"
"PLT-007","양화3,4,5주차장","26855","1911093","2021/07"
"PLT-002","난지1,2,3주차장","53658","2665854","2021/07"
"PLT-001","강서1주차장","7022","580497","2021/07"
"PLT-008","여의도1주차장","71279","8158791","2021/07"
"PLT-008","여의도5주차장","8161","2760774","2021/07"
"PLT-009","반포1주차장","28667","1547621","2021/07"
"PLT-006","광나루1,2주차장","25049","1697010","2021/07"
"PLT-007","양화2주차장","1972","159333","2021/07"
"PLT-008","여의도3주차장","29531","8493501","2021/07"
"PLT-008","여의도4주차장","4855","1472191","2021/07"
"PLT-004","이촌3,4주차장","32886","2563815","2021/07"
"PLT-008","여의도2주차장","31870","4307914","2021/07"
"PLT-004","이촌1주차장","2904","204700","2021/07"
"PLT-003","망원1주차장","10756","848539","2021/07"
"PLT-005","뚝섬2주차장","21955","2163922","2021/07"
"PLT-004","이촌2주차장","10790","727435","2021/07"
"PLT-005","뚝섬3주차장","11099","762744","2021/07"
"PLT-010","잠원1-6주차장","98671","7570735","2021/07"
"PLT-006","광나루3주차장","20074","1125137","2021/07"
"PLT-003","망원2,3주차장","24367","1890853","2021/07"
"PLT-009","반포2,3주차장","76464","5086143","2021/07"
"PLT-011","잠실1,2,3,4주차장","95166","5797471","2021/07"
"PLT-007","양화1주차장","8651","848818","2021/07"
"PLT-005","뚝섬4주차장","21425","1810836","2021/07"
"PLT-005","뚝섬1주차장","6818","577324","2021/07"
"PLT-004","이촌1주차장","3725","196355","2021/06"
"PLT-004","이촌3,4주차장","38395","3181031","2021/06"
"PLT-002","난지1,2,3주차장","62742","3921963","2021/06"
"PLT-010","잠원1-6주차장","118150","9364783","2021/06"
"PLT-007","양화2주차장","2659","234924","2021/06"
"PLT-008","여의도1주차장","92711","10640696","2021/06"
"PLT-008","여의도4주차장","5424","1677321","2021/06"
"PLT-008","여의도5주차장","8666","2744560","2021/06"
"PLT-008","여의도3주차장","40185","9846576","2021/06"
"PLT-005","뚝섬4주차장","23439","2107248","2021/06"
"PLT-009","반포1주차장","36741","2285985","2021/06"
"PLT-006","광나루3주차장","24753","1458678","2021/06"
"PLT-007","양화1주차장","13461","1031430","2021/06"
"PLT-011","잠실1,2,3,4주차장","107297","7115483","2021/06"
"PLT-009","반포2,3주차장","87378","6176758","2021/06"
"PLT-003","망원1주차장","12790","1042479","2021/06"
"PLT-006","광나루1,2주차장","29201","2190760","2021/06"
"PLT-005","뚝섬3주차장","15752","1344414","2021/06"
"PLT-007","양화3,4,5주차장","36734","2867495","2021/06"
"PLT-005","뚝섬1주차장","8647","766399","2021/06"
"PLT-004","이촌2주차장","11891","932300","2021/06"
"PLT-008","여의도2주차장","44445","5348214","2021/06"
"PLT-005","뚝섬2주차장","31934","3398504","2021/06"
"PLT-003","망원2,3주차장","27013","2442108","2021/06"
"PLT-001","강서1주차장","7408","707438","2021/06"
"PLT-008","여의도3주차장","37794","8814502","2021/05"
"PLT-004","이촌3,4주차장","38762","3087618","2021/05"
"PLT-008","여의도4주차장","4899","1353037","2021/05"
"PLT-006","광나루3주차장","21783","1369518","2021/05"
"PLT-007","양화1주차장","12974","999662","2021/05"
"PLT-007","양화3,4,5주차장","37805","2795820","2021/05"
"PLT-008","여의도2주차장","40786","4784492","2021/05"
"PLT-005","뚝섬2주차장","26667","2961500","2021/05"
"PLT-008","여의도5주차장","7450","2150582","2021/05"
"PLT-003","망원2,3주차장","25096","2359576","2021/05"
"PLT-006","광나루1,2주차장","27413","2095086","2021/05"
"PLT-005","뚝섬3주차장","13400","1259894","2021/05"
"PLT-003","망원1주차장","12170","925482","2021/05"
"PLT-007","양화2주차장","2399","219934","2021/05"
"PLT-010","잠원1-6주차장","102981","8951726","2021/05"
"PLT-009","반포2,3주차장","85886","6247065","2021/05"
"PLT-005","뚝섬4주차장","21835","1931704","2021/05"
"PLT-011","잠실1,2,3,4주차장","104139","6807046","2021/05"
"PLT-004","이촌2주차장","12548","939530","2021/05"
"PLT-002","난지1,2,3주차장","67333","3988502","2021/05"
"PLT-001","강서1주차장","6641","577938","2021/05"
"PLT-004","이촌1주차장","3135","192176","2021/05"
"PLT-009","반포1주차장","35096","2223246","2021/05"
"PLT-008","여의도1주차장","85493","9336980","2021/05"
"PLT-005","뚝섬1주차장","7244","633412","2021/05"
"PLT-002","난지1,2,3주차장","66325","3347319","2021/04"
"PLT-005","뚝섬1주차장","7459","533344","2021/04"
"PLT-006","광나루1,2주차장","28186","2073544","2021/04"
"PLT-008","여의도5주차장","9095","2796442","2021/04"
"PLT-007","양화2주차장","2609","252041","2021/04"
"PLT-008","여의도1주차장","86054","10001001","2021/04"
"PLT-004","이촌1주차장","3239","224897","2021/04"
"PLT-009","반포1주차장","36933","2241015","2021/04"
"PLT-005","뚝섬2주차장","27393","2839600","2021/04"
"PLT-008","여의도4주차장","5568","1713819","2021/04"
"PLT-001","강서1주차장","6965","570505","2021/04"
"PLT-008","여의도3주차장","37225","9425225","2021/04"
"PLT-003","망원2,3주차장","26510","2474548","2021/04"
"PLT-010","잠원1-6주차장","110704","9451630","2021/04"
"PLT-005","뚝섬3주차장","13590","1221166","2021/04"
"PLT-005","뚝섬4주차장","23292","2073411","2021/04"
"PLT-006","광나루3주차장","22223","1345109","2021/04"
"PLT-008","여의도2주차장","40717","5071084","2021/04"
"PLT-007","양화3,4,5주차장","41602","2896583","2021/04"
"PLT-011","잠실1,2,3,4주차장","107116","6872543","2021/04"
"PLT-004","이촌3,4주차장","37619","3121246","2021/04"
"PLT-009","반포2,3주차장","86253","6082502","2021/04"
"PLT-003","망원1주차장","12575","999861","2021/04"
"PLT-004","이촌2주차장","12798","870511","2021/04"
"PLT-007","양화1주차장","12204","1083018","2021/04"
"PLT-009","반포2,3주차장","70663","4843367","2021/03"
"PLT-008","여의도5주차장","9258","2805273","2021/03"
"PLT-002","난지1,2,3주차장","52511","2206337","2021/03"
"PLT-001","강서1주차장","6041","477405","2021/03"
"PLT-005","뚝섬4주차장","20088","1693137","2021/03"
"PLT-007","양화2주차장","1929","159059","2021/03"
"PLT-004","이촌2주차장","8719","632611","2021/03"
"PLT-004","이촌1주차장","2491","166380","2021/03"
"PLT-010","잠원1-6주차장","92650","7879958","2021/03"
"PLT-007","양화3,4,5주차장","32453","2068009","2021/03"
"PLT-005","뚝섬1주차장","5609","404744","2021/03"
"PLT-011","잠실1,2,3,4주차장","87466","5265734","2021/03"
"PLT-003","망원2,3주차장","21883","1790690","2021/03"
"PLT-005","뚝섬2주차장","21845","2199485","2021/03"
"PLT-005","뚝섬3주차장","10739","889674","2021/03"
"PLT-006","광나루1,2주차장","22327","1653737","2021/03"
"PLT-008","여의도4주차장","5819","1760870","2021/03"
"PLT-008","여의도2주차장","42015","5037377","2021/03"
"PLT-003","망원1주차장","9945","783225","2021/03"
"PLT-006","광나루3주차장","18846","1007683","2021/03"
"PLT-009","반포1주차장","28926","1616203","2021/03"
"PLT-007","양화1주차장","9544","874019","2021/03"
"PLT-008","여의도3주차장","35024","9380536","2021/03"
"PLT-004","이촌3,4주차장","28693","2348794","2021/03"
"PLT-008","여의도1주차장","77525","8887500","2021/03"
"PLT-008","여의도5주차장","7743","2237051","2021/02"
"PLT-005","뚝섬1주차장","5038","317321","2021/02"
"PLT-008","여의도3주차장","26616","6672769","2021/02"
"PLT-001","강서1주차장","5424","324012","2021/02"
"PLT-006","광나루1,2주차장","18924","1313370","2021/02"
"PLT-003","망원1주차장","7983","563091","2021/02"
"PLT-008","여의도4주차장","4683","1370176","2021/02"
"PLT-007","양화1주차장","7693","706576","2021/02"
"PLT-009","반포1주차장","27123","1449439","2021/02"
"PLT-002","난지1,2,3주차장","44121","1725992","2021/02"
"PLT-004","이촌2주차장","8085","575501","2021/02"
"PLT-005","뚝섬2주차장","20503","2032496","2021/02"
"PLT-004","이촌3,4주차장","25055","1851004","2021/02"
"PLT-007","양화3,4,5주차장","25426","1651352","2021/02"
"PLT-003","망원2,3주차장","20232","1522556","2021/02"
"PLT-004","이촌1주차장","2656","102952","2021/02"
"PLT-007","양화2주차장","1638","113272","2021/02"
"PLT-010","잠원1-6주차장","81510","6376700","2021/02"
"PLT-008","여의도2주차장","31818","4546305","2021/02"
"PLT-008","여의도1주차장","63553","6797100","2021/02"
"PLT-006","광나루3주차장","15507","804436","2021/02"
"PLT-005","뚝섬3주차장","9982","792482","2021/02"
"PLT-005","뚝섬4주차장","17937","1470087","2021/02"
"PLT-011","잠실1,2,3,4주차장","73968","4199593","2021/02"
"PLT-009","반포2,3주차장","61223","3750475","2021/02"
"PLT-007","양화2주차장","1545","107966","2021/01"
"PLT-005","뚝섬1주차장","4131","255865","2021/01"
"PLT-006","광나루1,2주차장","15637","1057240","2021/01"
"PLT-009","반포2,3주차장","54523","3220516","2021/01"
"PLT-001","강서1주차장","5128","303941","2021/01"
"PLT-002","난지1,2,3주차장","39277","1361710","2021/01"
"PLT-008","여의도2주차장","23285","4082991","2021/01"
"PLT-011","잠실1,2,3,4주차장","72397","4234501","2021/01"
"PLT-003","망원2,3주차장","19273","1231084","2021/01"
"PLT-010","잠원1-6주차장","78736","5892867","2021/01"
"PLT-006","광나루3주차장","14136","725372","2021/01"
"PLT-004","이촌1주차장","2509","108990","2021/01"
"PLT-004","이촌3,4주차장","22660","1608558","2021/01"
"PLT-005","뚝섬2주차장","18561","1851064","2021/01"
"PLT-008","여의도3주차장","25200","6893880","2021/01"
"PLT-005","뚝섬3주차장","8689","649649","2021/01"
"PLT-003","망원1주차장","8209","511927","2021/01"
"PLT-008","여의도1주차장","56312","6257089","2021/01"
"PLT-007","양화1주차장","6251","626484","2021/01"
"PLT-005","뚝섬4주차장","15752","1259421","2021/01"
"PLT-009","반포1주차장","23010","1245341","2021/01"
"PLT-007","양화3,4,5주차장","20281","1473373","2021/01"
"PLT-008","여의도5주차장","7730","2385315","2021/01"
"PLT-004","이촌2주차장","6833","423993","2021/01"
"PLT-008","여의도4주차장","4755","1452044","2021/01"
"PLT-006","광나루3주차장","17319","772330","2020/12"
"PLT-003","망원2,3주차장","20647","1184123","2020/12"
"PLT-008","여의도3주차장","27353","4999686","2020/12"
"PLT-007","양화2주차장","1706","101392","2020/12"
"PLT-004","이촌3,4주차장","25291","1445291","2020/12"
"PLT-008","여의도2주차장","23039","3324467","2020/12"
"PLT-005","뚝섬4주차장","17088","1107372","2020/12"
"PLT-003","망원1주차장","8913","511430","2020/12"
"PLT-005","뚝섬1주차장","4876","215651","2020/12"
"PLT-010","잠원1-6주차장","79723","5465034","2020/12"
"PLT-009","반포1주차장","25547","1165826","2020/12"
"PLT-008","여의도1주차장","56028","4681107","2020/12"
"PLT-004","이촌1주차장","2956","123440","2020/12"
"PLT-007","양화3,4,5주차장","26570","1393763","2020/12"
"PLT-007","양화1주차장","6752","604533","2020/12"
"PLT-011","잠실1,2,3,4주차장","81490","4062128","2020/12"
"PLT-006","광나루1,2주차장","18405","1082769","2020/12"
"PLT-005","뚝섬3주차장","9175","604568","2020/12"
"PLT-008","여의도4주차장","5416","1138570","2020/12"
"PLT-001","강서1주차장","6568","299260","2020/12"
"PLT-008","여의도5주차장","8360","1563052","2020/12"
"PLT-005","뚝섬2주차장","20800","1495841","2020/12"
"PLT-004","이촌2주차장","7228","376710","2020/12"
"PLT-002","난지1,2,3주차장","42627","1383488","2020/12"
"PLT-009","반포2,3주차장","60702","3162093","2020/12"
"PLT-005","뚝섬4주차장","14824","1302551","2020/11"
"PLT-008","여의도4주차장","5260","1631294","2020/11"
"PLT-009","반포2,3주차장","62551","4226930","2020/11"
"PLT-004","이촌1주차장","2423","151582","2020/11"
"PLT-006","광나루1,2주차장","19706","1612280","2020/11"
"PLT-002","난지1,2,3주차장","45808","1808911","2020/11"
"PLT-008","여의도2주차장","20681","3231626","2020/11"
"PLT-005","뚝섬2주차장","19340","2048401","2020/11"
"PLT-004","이촌2주차장","8271","657866","2020/11"
"PLT-011","잠실1,2,3,4주차장","75651","4701681","2020/11"
"PLT-003","망원2,3주차장","17244","1327431","2020/11"
"PLT-004","이촌3,4주차장","28335","2193238","2020/11"
"PLT-008","여의도5주차장","8385","2595633","2020/11"
"PLT-001","강서1주차장","5674","328775","2020/11"
"PLT-007","양화1주차장","6864","764607","2020/11"
"PLT-008","여의도3주차장","26356","7482540","2020/11"
"PLT-003","망원1주차장","7692","546667","2020/11"
"PLT-006","광나루3주차장","19748","1051540","2020/11"
"PLT-005","뚝섬1주차장","5489","453727","2020/11"
"PLT-005","뚝섬3주차장","7085","572698","2020/11"
"PLT-010","잠원1-6주차장","66853","6492848","2020/11"
"PLT-007","양화2주차장","1582","127283","2020/11"
"PLT-009","반포1주차장","22917","1255677","2020/11"
"PLT-007","양화3,4,5주차장","27999","1797761","2020/11"
"PLT-008","여의도1주차장","50048","7021949","2020/11"
"PLT-007","양화2주차장","2435","187712","2020/10"
"PLT-009","반포1주차장","28832","1372791","2020/10"
"PLT-008","여의도3주차장","28132","5169593","2020/10"
"PLT-007","양화1주차장","9361","785190","2020/10"
"PLT-008","여의도1주차장","64425","6234070","2020/10"
"PLT-006","광나루1,2주차장","26244","1832662","2020/10"
"PLT-004","이촌3,4주차장","34791","2452546","2020/10"
"PLT-005","뚝섬3주차장","9601","862639","2020/10"
"PLT-008","여의도4주차장","4590","940671","2020/10"
"PLT-007","양화3,4,5주차장","36129","2443602","2020/10"
"PLT-005","뚝섬1주차장","6790","536225","2020/10"
"PLT-003","망원2,3주차장","21954","1732377","2020/10"
"PLT-005","뚝섬2주차장","23775","2367675","2020/10"
"PLT-010","잠원1-6주차장","90076","6921529","2020/10"
"PLT-004","이촌1주차장","4185","171460","2020/10"
"PLT-003","망원1주차장","8558","561184","2020/10"
"PLT-008","여의도2주차장","28713","3729821","2020/10"
"PLT-005","뚝섬4주차장","18367","1557822","2020/10"
"PLT-009","반포2,3주차장","84287","4701766","2020/10"
"PLT-004","이촌2주차장","10194","892781","2020/10"
"PLT-001","강서1주차장","8642","521943","2020/10"
"PLT-002","난지1,2,3주차장","55676","3061472","2020/10"
"PLT-011","잠실1,2,3,4주차장","81722","5585777","2020/10"
"PLT-008","여의도5주차장","7359","1466087","2020/10"
"PLT-006","광나루3주차장","19331","1119934","2020/10"
"PLT-008","여의도4주차장","5193","1538900","2020/09"
"PLT-007","양화2주차장","3124","265946","2020/09"
"PLT-003","망원1주차장","9764","700606","2020/09"
"PLT-008","여의도5주차장","8453","2444445","2020/09"
"PLT-008","여의도3주차장","31064","7978216","2020/09"
"PLT-006","광나루1,2주차장","31819","1974444","2020/09"
"PLT-005","뚝섬1주차장","6899","561380","2020/09"
"PLT-001","강서1주차장","9874","645808","2020/09"
"PLT-006","광나루3주차장","22751","1390434","2020/09"
"PLT-007","양화1주차장","9878","925694","2020/09"
"PLT-005","뚝섬3주차장","11298","995190","2020/09"
"PLT-007","양화3,4,5주차장","32651","2994051","2020/09"
"PLT-005","뚝섬2주차장","25059","2710754","2020/09"
"PLT-009","반포1주차장","33033","1884807","2020/09"
"PLT-010","잠원1-6주차장","107508","7851821","2020/09"
"PLT-009","반포2,3주차장","89305","5176891","2020/09"
"PLT-004","이촌3,4주차장","36692","2845164","2020/09"
"PLT-008","여의도2주차장","30565","3813972","2020/09"
"PLT-004","이촌1주차장","5291","206140","2020/09"
"PLT-002","난지1,2,3주차장","56483","3877170","2020/09"
"PLT-004","이촌2주차장","10904","916236","2020/09"
"PLT-011","잠실1,2,3,4주차장","97641","7206530","2020/09"
"PLT-003","망원2,3주차장","11275","912894","2020/09"
"PLT-005","뚝섬4주차장","19319","1762256","2020/09"
"PLT-008","여의도1주차장","65100","8175663","2020/09"
"PLT-007","양화2주차장","1184","99339","2020/08"
"PLT-011","잠실1,2,3,4주차장","56145","3415970","2020/08"
"PLT-008","여의도1주차장","39225","4055152","2020/08"
"PLT-002","난지1,2,3주차장","28565","1644711","2020/08"
"PLT-005","뚝섬4주차장","13208","1031634","2020/08"
"PLT-004","이촌2주차장","5724","381955","2020/08"
"PLT-005","뚝섬1주차장","3763","314227","2020/08"
"PLT-008","여의도3주차장","16968","4240124","2020/08"
"PLT-004","이촌3,4주차장","19343","1191909","2020/08"
"PLT-005","뚝섬2주차장","14357","1300257","2020/08"
"PLT-007","양화3,4,5주차장","16706","1258496","2020/08"
"PLT-006","광나루3주차장","8745","457951","2020/08"
"PLT-009","반포1주차장","11487","693105","2020/08"
"PLT-004","이촌1주차장","1851","77588","2020/08"
"PLT-007","양화1주차장","4936","441162","2020/08"
"PLT-008","여의도5주차장","4494","1255805","2020/08"
"PLT-009","반포2,3주차장","38400","2166038","2020/08"
"PLT-008","여의도4주차장","3112","785998","2020/08"
"PLT-003","망원1주차장","5536","328439","2020/08"
"PLT-005","뚝섬3주차장","5957","436884","2020/08"
"PLT-006","광나루1,2주차장","19146","993407","2020/08"
"PLT-001","강서1주차장","4857","282738","2020/08"
"PLT-003","망원2,3주차장","988","64008","2020/08"
"PLT-008","여의도2주차장","18820","1995332","2020/08"
"PLT-010","잠원1-6주차장","61989","4257303","2020/08"
"PLT-007","양화3,4,5주차장","32564","3311086","2020/07"
"PLT-006","광나루3주차장","27996","1612537","2020/07"
"PLT-007","양화2주차장","2324","221594","2020/07"
"PLT-009","반포1주차장","39503","2682431","2020/07"
"PLT-004","이촌1주차장","4732","226934","2020/07"
"PLT-003","망원2,3주차장","25824","2169739","2020/07"
"PLT-004","이촌3,4주차장","46091","3380550","2020/07"
"PLT-008","여의도4주차장","5355","1592114","2020/07"
"PLT-001","강서1주차장","9077","618601","2020/07"
"PLT-011","잠실1,2,3,4주차장","112177","7573699","2020/07"
"PLT-008","여의도5주차장","8670","2852398","2020/07"
"PLT-010","잠원1-6주차장","110657","8384086","2020/07"
"PLT-008","여의도2주차장","38685","5128899","2020/07"
"PLT-004","이촌2주차장","12647","1052804","2020/07"
"PLT-005","뚝섬3주차장","12469","1141177","2020/07"
"PLT-003","망원1주차장","10653","683405","2020/07"
"PLT-005","뚝섬4주차장","24274","2012579","2020/07"
"PLT-005","뚝섬2주차장","32560","3199889","2020/07"
"PLT-006","광나루1,2주차장","33869","2306859","2020/07"
"PLT-008","여의도1주차장","87229","10566756","2020/07"
"PLT-009","반포2,3주차장","107365","7242942","2020/07"
"PLT-007","양화1주차장","10157","1052989","2020/07"
"PLT-008","여의도3주차장","41756","10276704","2020/07"
"PLT-002","난지1,2,3주차장","55746","3943202","2020/07"
"PLT-005","뚝섬1주차장","9016","738588","2020/07"
"PLT-007","양화2주차장","2515","229503","2020/06"
"PLT-006","광나루1,2주차장","32955","2044165","2020/06"
"PLT-007","양화3,4,5주차장","34012","3652840","2020/06"
"PLT-006","광나루3주차장","28500","1738391","2020/06"
"PLT-007","양화1주차장","9872","1068257","2020/06"
"PLT-003","망원1주차장","10629","665112","2020/06"
"PLT-003","망원2,3주차장","27671","2196290","2020/06"
"PLT-005","뚝섬2주차장","34296","3306191","2020/06"
"PLT-008","여의도4주차장","5524","1690508","2020/06"
"PLT-008","여의도5주차장","9066","2994974","2020/06"
"PLT-004","이촌2주차장","12687","916838","2020/06"
"PLT-001","강서1주차장","9619","675284","2020/06"
"PLT-009","반포1주차장","43615","2950035","2020/06"
"PLT-005","뚝섬1주차장","10287","758864","2020/06"
"PLT-011","잠실1,2,3,4주차장","115626","7389955","2020/06"
"PLT-008","여의도3주차장","44078","10432948","2020/06"
"PLT-010","잠원1-6주차장","118590","8225226","2020/06"
"PLT-005","뚝섬3주차장","13896","1250899","2020/06"
"PLT-002","난지1,2,3주차장","76740","5260160","2020/06"
"PLT-009","반포2,3주차장","106941","7202778","2020/06"
"PLT-004","이촌1주차장","4726","223220","2020/06"
"PLT-008","여의도2주차장","41183","5067615","2020/06"
"PLT-004","이촌3,4주차장","33212","2898120","2020/06"
"PLT-008","여의도1주차장","82906","10385609","2020/06"
"PLT-005","뚝섬4주차장","24106","2147023","2020/06"
"PLT-006","광나루3주차장","29774","1097649","2020/05"
"PLT-008","여의도3주차장","42498","5491180","2020/05"
"PLT-003","망원1주차장","10407","364167","2020/05"
"PLT-009","반포2,3주차장","125124","5606143","2020/05"
"PLT-005","뚝섬2주차장","38247","2850470","2020/05"
"PLT-009","반포1주차장","53950","2075449","2020/05"
"PLT-002","난지1,2,3주차장","79011","5763547","2020/05"
"PLT-008","여의도2주차장","51040","4346309","2020/05"
"PLT-006","광나루1,2주차장","33929","1685780","2020/05"
"PLT-008","여의도4주차장","5171","655172","2020/05"
"PLT-007","양화1주차장","11227","702114","2020/05"
"PLT-005","뚝섬1주차장","12264","690723","2020/05"
"PLT-007","양화3,4,5주차장","36129","2422104","2020/05"
"PLT-004","이촌1주차장","4468","145759","2020/05"
"PLT-004","이촌2주차장","13216","671622","2020/05"
"PLT-005","뚝섬3주차장","16841","1137830","2020/05"
"PLT-011","잠실1,2,3,4주차장","114878","5621200","2020/05"
"PLT-008","여의도1주차장","90911","6221943","2020/05"
"PLT-004","이촌3,4주차장","37766","2006316","2020/05"
"PLT-010","잠원1-6주차장","116501","5043734","2020/05"
"PLT-001","강서1주차장","12450","481841","2020/05"
"PLT-003","망원2,3주차장","31438","1820188","2020/05"
"PLT-007","양화2주차장","2532","164605","2020/05"
"PLT-005","뚝섬4주차장","22317","1526998","2020/05"
"PLT-008","여의도5주차장","9466","1538293","2020/05"
"PLT-006","광나루1,2주차장","30885","3831761","2020/04"
"PLT-006","광나루3주차장","27156","2634505","2020/04"
"PLT-007","양화1주차장","10761","1476156","2020/04"
"PLT-007","양화3,4,5주차장","32567","3522525","2020/04"
"PLT-008","여의도3주차장","34383","8068143","2020/04"
"PLT-004","이촌1주차장","3356","312976","2020/04"
"PLT-008","여의도2주차장","35038","4039914","2020/04"
"PLT-008","여의도5주차장","9352","2507654","2020/04"
"PLT-002","난지1,2,3주차장","62058","4708705","2020/04"
"PLT-009","반포1주차장","44397","2471930","2020/04"
"PLT-007","양화2주차장","2344","257871","2020/04"
"PLT-010","잠원1-6주차장","97931","7772657","2020/04"
"PLT-005","뚝섬4주차장","20685","2069391","2020/04"
"PLT-003","망원1주차장","10077","1140942","2020/04"
"PLT-009","반포2,3주차장","105091","5244567","2020/04"
"PLT-005","뚝섬1주차장","11291","1191670","2020/04"
"PLT-001","강서1주차장","10044","497808","2020/04"
"PLT-004","이촌2주차장","14796","914333","2020/04"
"PLT-003","망원2,3주차장","27141","2207536","2020/04"
"PLT-004","이촌3,4주차장","31576","2682452","2020/04"
"PLT-005","뚝섬2주차장","33645","4066370","2020/04"
"PLT-005","뚝섬3주차장","12489","1354796","2020/04"
"PLT-011","잠실1,2,3,4주차장","103930","6850682","2020/04"
"PLT-008","여의도4주차장","4983","1497249","2020/04"
"PLT-008","여의도1주차장","55152","6190087","2020/04"
"PLT-004","이촌1주차장","4273","375415","2020/03"
"PLT-007","양화2주차장","2172","291085","2020/03"
"PLT-006","광나루1,2주차장","32769","4607139","2020/03"
"PLT-008","여의도4주차장","5552","2005475","2020/03"
"PLT-005","뚝섬1주차장","8063","1604097","2020/03"
"PLT-006","광나루3주차장","26483","3424642","2020/03"
"PLT-004","이촌3,4주차장","33883","3246559","2020/03"
"PLT-011","잠실1,2,3,4주차장","94792","7909013","2020/03"
"PLT-008","여의도3주차장","45098","12236390","2020/03"
"PLT-002","난지1,2,3주차장","58562","4346230","2020/03"
"PLT-009","반포2,3주차장","107398","5994231","2020/03"
"PLT-001","강서1주차장","6790","406023","2020/03"
"PLT-008","여의도1주차장","74820","9753997","2020/03"
"PLT-009","반포1주차장","38902","3213352","2020/03"
"PLT-007","양화3,4,5주차장","31433","4110543","2020/03"
"PLT-003","망원2,3주차장","28021","2821970","2020/03"
"PLT-010","잠원1-6주차장","97040","9918329","2020/03"
"PLT-005","뚝섬2주차장","30397","5209781","2020/03"
"PLT-003","망원1주차장","10558","1207448","2020/03"
"PLT-008","여의도2주차장","48552","5734000","2020/03"
"PLT-007","양화1주차장","10683","1665326","2020/03"
"PLT-005","뚝섬4주차장","22769","3075191","2020/03"
"PLT-005","뚝섬3주차장","12405","1729417","2020/03"
"PLT-008","여의도5주차장","8736","3417699","2020/03"
"PLT-004","이촌2주차장","9793","789215","2020/03"
"PLT-005","뚝섬2주차장","13651","2794715","2020/02"
"PLT-005","뚝섬1주차장","2328","511086","2020/02"
"PLT-005","뚝섬3주차장","6145","624969","2020/02"
"PLT-004","이촌1주차장","2348","263404","2020/02"
"PLT-004","이촌2주차장","6452","454045","2020/02"
"PLT-006","광나루3주차장","15362","2343995","2020/02"
"PLT-003","망원1주차장","6366","957460","2020/02"
"PLT-006","광나루1,2주차장","14240","2277917","2020/02"
"PLT-008","여의도3주차장","26449","9525172","2020/02"
"PLT-003","망원2,3주차장","13478","1738135","2020/02"
"PLT-011","잠실1,2,3,4주차장","39512","3012415","2020/02"
"PLT-007","양화2주차장","982","164665","2020/02"
"PLT-001","강서1주차장","2908","153508","2020/02"
"PLT-008","여의도1주차장","36090","6740544","2020/02"
"PLT-008","여의도5주차장","8767","2929912","2020/02"
"PLT-009","반포1주차장","16922","1897221","2020/02"
"PLT-004","이촌3,4주차장","17304","1952023","2020/02"
"PLT-005","뚝섬4주차장","12377","1132611","2020/02"
"PLT-008","여의도4주차장","4538","1801435","2020/02"
"PLT-009","반포2,3주차장","51519","3184175","2020/02"
"PLT-007","양화3,4,5주차장","16419","2717048","2020/02"
"PLT-002","난지1,2,3주차장","16067","808331","2020/02"
"PLT-007","양화1주차장","5211","1280108","2020/02"
"PLT-010","잠원1-6주차장","48730","6345615","2020/02"
"PLT-008","여의도2주차장","18302","3029177","2020/02"
"PLT-007","양화2주차장","392","29319","2020/01"
"PLT-009","반포1주차장","5767","521612","2020/01"
"PLT-008","여의도1주차장","19196","3155419","2020/01"
"PLT-005","뚝섬4주차장","4844","550244","2020/01"
"PLT-005","뚝섬1주차장","1529","379777","2020/01"
"PLT-005","뚝섬3주차장","3376","177716","2020/01"
"PLT-011","잠실1,2,3,4주차장","18189","1296095","2020/01"
"PLT-008","여의도2주차장","5636","790730","2020/01"
"PLT-003","망원2,3주차장","1382","231375","2020/01"
"PLT-001","강서1주차장","1522","62272","2020/01"
"PLT-007","양화1주차장","1821","454144","2020/01"
"PLT-010","잠원1-6주차장","14624","1831240","2020/01"
"PLT-007","양화3,4,5주차장","5837","735970","2020/01"
"PLT-008","여의도3주차장","6550","2535862","2020/01"
"PLT-004","이촌2주차장","3002","144936","2020/01"
"PLT-008","여의도5주차장","2805","860432","2020/01"
"PLT-004","이촌1주차장","609","109039","2020/01"
"PLT-009","반포2,3주차장","23590","1200177","2020/01"
"PLT-004","이촌3,4주차장","7404","696647","2020/01"
"PLT-008","여의도4주차장","1439","615507","2020/01"
"PLT-003","망원1주차장","2512","265741","2020/01"
"PLT-005","뚝섬2주차장","5355","858413","2020/01"
"PLT-006","광나루3주차장","4059","679046","2020/01"
"PLT-006","광나루1,2주차장","5694","1077446","2020/01"