공원명,공원 시명,공원 구명,공원 도로명 주소,일반이용자(아침),일반이용자(낮),일반이용자(저녁),자전거,현황 일시
광나루 한강공원,서울,강동구,선사로 83-106,2840,33780,25450,28680,2024-02-29 0:00
이촌 한강공원,서울,용산구,이촌로72길 62,5145,47990,37857,74775,2024-02-29 0:00
난지 한강공원,서울,마포구,한강난지로 22,5637,13579,18300,27046,2024-02-29 0:00
반포 한강공원,서울,서초구,신반포로11길 40,20965,102300,146595,175053,2024-02-29 0:00
잠실 한강공원,서울,송파구,한가람로 65,9820,41340,49010,96645,2024-02-29 0:00
망원 한강공원,서울,마포구,마포나루길 467,12510,20520,58457,54670,2024-02-29 0:00
잠원 한강공원,서울,강남구,강남대로 708,29360,29720,7220,46194,2024-02-29 0:00
강서 한강공원,서울,강서구,양천로27길 279-23,3966,15103,4355,66551,2024-02-29 0:00
여의도 한강공원,서울,영등포구,여의동로 280,3150,23920,29360,22350,2024-02-29 0:00
뚝섬 한강공원,서울,광진구,강변북로 2273,13100,167450,187420,63060,2024-02-29 0:00
양화 한강공원,서울,영등포구,노들로 221,11150,33940,32050,60884,2024-02-29 0:00
강서 한강공원,서울,강서구,양천로27길 279-23,3483,13007,4181,34679,2024-01-31 0:00
잠실 한강공원,서울,송파구,한가람로 65,0,0,0,0,2024-01-31 0:00
광나루 한강공원,서울,강동구,선사로 83-106,3110,29720,19080,15974,2024-01-31 0:00
반포 한강공원,서울,서초구,신반포로11길 40,12700,38150,22055,39605,2024-01-31 0:00
잠원 한강공원,서울,강남구,강남대로 708,28270,41670,5731,23573,2024-01-31 0:00
이촌 한강공원,서울,용산구,이촌로72길 62,3605,36805,24360,34045,2024-01-31 0:00
망원 한강공원,서울,마포구,마포나루길 467,14037,23595,60271,59337,2024-01-31 0:00
양화 한강공원,서울,영등포구,노들로 221,6538,34226,35794,64173,2024-01-31 0:00
뚝섬 한강공원,서울,광진구,강변북로 2273,13850,153600,183540,46290,2024-01-31 0:00
잠실 한강공원,서울,송파구,한가람로 65,8100,37620,43260,60055,2024-01-31 0:00
여의도 한강공원,서울,영등포구,여의동로 280,4270,35940,43388,21668,2024-01-31 0:00
난지 한강공원,서울,마포구,한강난지로 22,6964,15679,17540,23012,2024-01-31 0:00
난지 한강공원,서울,마포구,한강난지로 22,8363,20175,21972,53766,2023-12-31 0:00
뚝섬 한강공원,서울,광진구,강변북로 2273,9670,148040,199200,110750,2023-12-31 0:00
양화 한강공원,서울,영등포구,노들로 221,13641,31031,33126,54431,2023-12-31 0:00
광나루 한강공원,서울,강동구,선사로 83-106,2920,22680,12343,16838,2023-12-31 0:00
잠원 한강공원,서울,강남구,강남대로 708,27430,71843,5256,23828,2023-12-31 0:00
망원 한강공원,서울,마포구,마포나루길 467,12618,19985,61456,53516,2023-12-31 0:00
잠실 한강공원,서울,송파구,한가람로 65,12170,36980,35130,95015,2023-12-31 0:00
이촌 한강공원,서울,용산구,이촌로72길 62,4435,39885,26277,42243,2023-12-31 0:00
반포 한강공원,서울,서초구,신반포로11길 40,25190,119600,101400,160547,2023-12-31 0:00
강서 한강공원,서울,강서구,양천로27길 279-23,4132,14404,3511,65119,2023-12-31 0:00
여의도 한강공원,서울,영등포구,여의동로 280,3140,28213,42220,23449,2023-12-31 0:00
광나루 한강공원,서울,강동구,선사로 83-106,4810,33430,16955,31871,2023-11-30 0:00
강서 한강공원,서울,강서구,양천로27길 279-23,5260,18265,5093,128123,2023-11-30 0:00
여의도 한강공원,서울,영등포구,여의동로 280,4340,51520,72330,33110,2023-11-30 0:00
잠원 한강공원,서울,강남구,강남대로 708,28210,90886,6138,0,2023-11-30 0:00
잠실 한강공원,서울,송파구,한가람로 65,18200,52420,38820,157143,2023-11-30 0:00
이촌 한강공원,서울,용산구,이촌로72길 62,5880,59190,37315,89985,2023-11-30 0:00
난지 한강공원,서울,마포구,한강난지로 22,9953,24442,29646,77537,2023-11-30 0:00
양화 한강공원,서울,영등포구,노들로 221,0,65576,49361,88245,2023-11-30 0:00
반포 한강공원,서울,서초구,신반포로11길 40,13650,62400,114310,144030,2023-11-30 0:00
뚝섬 한강공원,서울,광진구,강변북로 2273,15500,155990,212240,134550,2023-11-30 0:00
망원 한강공원,서울,마포구,마포나루길 467,18123,26933,65647,70259,2023-11-30 0:00
잠원 한강공원,서울,강남구,강남대로 708,51760,135294,8040,82410,2023-10-31 0:00
강서 한강공원,서울,강서구,양천로27길 279-23,9840,27620,11689,249692,2023-10-31 0:00
망원 한강공원,서울,마포구,마포나루길 467,12395,17985,63505,61135,2023-10-31 0:00
잠실 한강공원,서울,송파구,한가람로 65,27860,107730,98010,357760,2023-10-31 0:00
난지 한강공원,서울,마포구,한강난지로 22,10926,26455,40665,85700,2023-10-31 0:00
이촌 한강공원,서울,용산구,이촌로72길 62,8975,167121,173620,95768,2023-10-31 0:00
양화 한강공원,서울,영등포구,노들로 221,0,149499,350177,133668,2023-10-31 0:00
반포 한강공원,서울,서초구,신반포로11길 40,31700,166430,718200,328350,2023-10-31 0:00
여의도 한강공원,서울,영등포구,여의동로 280,15310,109070,1228500,46240,2023-10-31 0:00
뚝섬 한강공원,서울,광진구,강변북로 2273,27600,215200,312080,228160,2023-10-31 0:00
광나루 한강공원,서울,강동구,선사로 83-106,7550,48810,36240,60685,2023-10-31 0:00
뚝섬 한강공원,서울,광진구,강변북로 2273,10000,210300,351300,183570,2023-09-30 0:00
잠실 한강공원,서울,송파구,한가람로 65,31730,87800,112670,325500,2023-09-30 0:00
잠원 한강공원,서울,강남구,강남대로 708,27250,45260,36830,90216,2023-09-30 0:00
반포 한강공원,서울,서초구,신반포로11길 40,16150,117030,521470,212550,2023-09-30 0:00
이촌 한강공원,서울,용산구,이촌로72길 62,6979,53706,73890,114954,2023-09-30 0:00
여의도 한강공원,서울,영등포구,여의동로 280,9470,57520,181170,62475,2023-09-30 0:00
양화 한강공원,서울,영등포구,노들로 221,0,66262,91295,102351,2023-09-30 0:00
난지 한강공원,서울,마포구,한강난지로 22,8447,19281,31562,65928,2023-09-30 0:00
망원 한강공원,서울,마포구,마포나루길 467,9895,14630,50317,52955,2023-09-30 0:00
강서 한강공원,서울,강서구,양천로27길 279-23,7965,21420,9145,240790,2023-09-30 0:00
광나루 한강공원,서울,강동구,선사로 83-106,8730,45800,40720,59788,2023-09-30 0:00
뚝섬 한강공원,서울,광진구,강변북로 2273,9050,161250,214420,138880,2023-08-31 0:00
난지 한강공원,서울,마포구,한강난지로 22,16624,16624,16625,55090,2023-08-31 0:00
잠실 한강공원,서울,송파구,한가람로 65,21360,51140,91870,230166,2023-08-31 0:00
이촌 한강공원,서울,용산구,이촌로72길 62,9270,81930,73790,95290,2023-08-31 0:00
광나루 한강공원,서울,강동구,선사로 83-106,7760,44470,40112,46934,2023-08-31 0:00
강서 한강공원,서울,강서구,양천로27길 279-23,9595,31696,8892,236487,2023-08-31 0:00
반포 한강공원,서울,서초구,신반포로11길 40,12590,87900,244200,190198,2023-08-31 0:00
양화 한강공원,서울,영등포구,노들로 221,0,78660,84849,67955,2023-08-31 0:00
망원 한강공원,서울,마포구,마포나루길 467,8875,10002,43540,45998,2023-08-31 0:00
잠원 한강공원,서울,강남구,강남대로 708,42219,42219,42219,58705,2023-08-31 0:00
여의도 한강공원,서울,영등포구,여의동로 280,8030,27180,99720,11240,2023-08-31 0:00
난지 한강공원,서울,마포구,한강난지로 22,10702,24353,23468,38692,2023-07-31 0:00
망원 한강공원,서울,마포구,마포나루길 467,12123,15303,31383,41384,2023-07-31 0:00
강서 한강공원,서울,강서구,양천로27길 279-23,8752,22140,9876,164915,2023-07-31 0:00
여의도 한강공원,서울,영등포구,여의동로 280,5530,61230,80421,32290,2023-07-31 0:00
이촌 한강공원,서울,용산구,이촌로72길 62,5578,42215,40781,75099,2023-07-31 0:00
반포 한강공원,서울,서초구,신반포로11길 40,17750,53490,229550,247546,2023-07-31 0:00
잠실 한강공원,서울,송파구,한가람로 65,21130,43640,93940,162355,2023-07-31 0:00
뚝섬 한강공원,서울,광진구,강변북로 2273,5550,93760,136860,88373,2023-07-31 0:00
잠원 한강공원,서울,강남구,강남대로 708,28273,28273,28273,55448,2023-07-31 0:00
양화 한강공원,서울,영등포구,노들로 221,0,91499,96291,55071,2023-07-31 0:00
광나루 한강공원,서울,강동구,선사로 83-106,6590,36211,37090,38335,2023-07-31 0:00
강서 한강공원,서울,강서구,양천로27길 279-23,9430,26325,11624,299754,2023-06-30 0:00
잠원 한강공원,서울,강남구,강남대로 708,42815,84156,45515,59467,2023-06-30 0:00
광나루 한강공원,서울,강동구,선사로 83-106,6520,58990,41090,65060,2023-06-30 0:00
잠실 한강공원,서울,송파구,한가람로 65,23100,53300,80450,275270,2023-06-30 0:00
이촌 한강공원,서울,용산구,이촌로72길 62,9157,81451,110576,109495,2023-06-30 0:00
망원 한강공원,서울,마포구,마포나루길 467,17090,30395,55020,70369,2023-06-30 0:00
반포 한강공원,서울,서초구,신반포로11길 40,69550,296100,734100,371850,2023-06-30 0:00
양화 한강공원,서울,영등포구,노들로 221,81396,94250,59126,51020,2023-06-30 0:00
난지 한강공원,서울,마포구,한강난지로 22,13895,28889,21507,50711,2023-06-30 0:00
뚝섬 한강공원,서울,광진구,강변북로 2273,6400,137450,231670,149190,2023-06-30 0:00
여의도 한강공원,서울,영등포구,여의동로 280,15520,256820,526320,46970,2023-06-30 0:00
이촌 한강공원,서울,용산구,이촌로72길 62,6780,89224,76348,123187,2023-05-31 0:00
여의도 한강공원,서울,영등포구,여의동로 280,4715,294430,379960,50460,2023-05-31 0:00
난지 한강공원,서울,마포구,한강난지로 22,7745,19060,20463,37064,2023-05-31 0:00
반포 한강공원,서울,서초구,신반포로11길 40,72340,303100,640835,272750,2023-05-31 0:00
광나루 한강공원,서울,강동구,선사로 83-106,4260,70370,33220,73475,2023-05-31 0:00
양화 한강공원,서울,영등포구,노들로 221,73890,86637,77425,56600,2023-05-31 0:00
뚝섬 한강공원,서울,광진구,강변북로 2273,5700,214580,302240,170075,2023-05-31 0:00
잠실 한강공원,서울,송파구,한가람로 65,22870,57250,69300,259070,2023-05-31 0:00
잠원 한강공원,서울,강남구,강남대로 708,23568,45862,44887,40711,2023-05-31 0:00
망원 한강공원,서울,마포구,마포나루길 467,19405,37905,53835,68960,2023-05-31 0:00
강서 한강공원,서울,강서구,양천로27길 279-23,9971,26050,10415,213104,2023-05-31 0:00
이촌 한강공원,서울,용산구,이촌로72길 62,6318,88821,65770,106377,2023-04-30 0:00
반포 한강공원,서울,서초구,신반포로11길 40,70400,273700,360790,377060,2023-04-30 0:00
망원 한강공원,서울,마포구,마포나루길 467,19440,39165,46430,71122,2023-04-30 0:00
양화 한강공원,서울,영등포구,노들로 221,88726,85901,53625,65400,2023-04-30 0:00
잠원 한강공원,서울,강남구,강남대로 708,15498,38110,61882,42092,2023-04-30 0:00
뚝섬 한강공원,서울,광진구,강변북로 2273,8000,151720,173720,121895,2023-04-30 0:00
강서 한강공원,서울,강서구,양천로27길 279-23,9086,24380,10079,154270,2023-04-30 0:00
여의도 한강공원,서울,영등포구,여의동로 280,39000,177695,193105,65045,2023-04-30 0:00
광나루 한강공원,서울,강동구,선사로 83-106,4070,55720,35221,58890,2023-04-30 0:00
난지 한강공원,서울,마포구,한강난지로 22,9739,35117,13695,31299,2023-04-30 0:00
잠실 한강공원,서울,송파구,한가람로 65,19140,51200,54750,200705,2023-04-30 0:00
잠원 한강공원,서울,강남구,강남대로 708,15993,42586,40701,49266,2023-03-31 0:00
망원 한강공원,서울,마포구,마포나루길 467,26450,57740,61880,82049,2023-03-31 0:00
강서 한강공원,서울,강서구,양천로27길 279-23,11270,20962,11237,130675,2023-03-31 0:00
양화 한강공원,서울,영등포구,노들로 221,40936,43011,37220,53306,2023-03-31 0:00
광나루 한강공원,서울,강동구,선사로 83-106,5890,62830,29620,57855,2023-03-31 0:00
난지 한강공원,서울,마포구,한강난지로 22,6092,20830,14382,38456,2023-03-31 0:00
뚝섬 한강공원,서울,광진구,강변북로 2273,4600,205910,201100,90050,2023-03-31 0:00
잠실 한강공원,서울,송파구,한가람로 65,23600,70250,67920,215815,2023-03-31 0:00
이촌 한강공원,서울,용산구,이촌로72길 62,7418,90840,58887,114278,2023-03-31 0:00
여의도 한강공원,서울,영등포구,여의동로 280,52300,162600,231965,43715,2023-03-31 0:00
반포 한강공원,서울,서초구,신반포로11길 40,41970,137250,213465,20111,2023-03-31 0:00
강서 한강공원,서울,강서구,양천로27길 279-23,5883,21801,6286,92130,2023-02-28 0:00
광나루 한강공원,서울,강동구,선사로 83-106,1700,31720,14380,29115,2023-02-28 0:00
잠실 한강공원,서울,송파구,한가람로 65,13010,32570,41201,89775,2023-02-28 0:00
뚝섬 한강공원,서울,광진구,강변북로 2273,3400,241970,103820,64960,2023-02-28 0:00
잠원 한강공원,서울,강남구,강남대로 708,4375,29438,31818,18866,2023-02-28 0:00
이촌 한강공원,서울,용산구,이촌로72길 62,4202,70286,43391,66864,2023-02-28 0:00
반포 한강공원,서울,서초구,신반포로11길 40,11487,24460,39220,49271,2023-02-28 0:00
여의도 한강공원,서울,영등포구,여의동로 280,2200,32690,37850,30495,2023-02-28 0:00
양화 한강공원,서울,영등포구,노들로 221,42830,37540,33305,43900,2023-02-28 0:00
난지 한강공원,서울,마포구,한강난지로 22,5019,12472,9475,20562,2023-02-28 0:00
망원 한강공원,서울,마포구,마포나루길 467,18780,35620,39545,55510,2023-02-28 0:00
이촌 한강공원,서울,용산구,이촌로72길 62,3053,43928,28850,26060,2023-01-31 0:00
광나루 한강공원,서울,강동구,선사로 83-106,1155,25000,8592,15025,2023-01-31 0:00
강서 한강공원,서울,강서구,양천로27길 279-23,4592,22319,4990,47464,2023-01-31 0:00
난지 한강공원,서울,마포구,한강난지로 22,3774,10254,8291,15232,2023-01-31 0:00
망원 한강공원,서울,마포구,마포나루길 467,18290,30550,31642,36847,2023-01-31 0:00
양화 한강공원,서울,영등포구,노들로 221,0,29360,29482,27140,2023-01-31 0:00
여의도 한강공원,서울,영등포구,여의동로 280,11000,85800,82400,7740,2023-01-31 0:00
잠실 한강공원,서울,송파구,한가람로 65,10990,25541,30883,43915,2023-01-31 0:00
뚝섬 한강공원,서울,광진구,강변북로 2273,4200,214540,107320,47105,2023-01-31 0:00
잠원 한강공원,서울,강남구,강남대로 708,4980,34156,18214,9850,2023-01-31 0:00
반포 한강공원,서울,서초구,신반포로11길 40,13860,67660,28835,11490,2023-01-31 0:00
반포 한강공원,서울,서초구,신반포로11길 40,2275,8241,8700,13200,2022-12-31 0:00
뚝섬 한강공원,서울,광진구,강변북로 2273,3400,161638,105550,45734,2022-12-31 0:00
강서 한강공원,서울,강서구,양천로27길 279-23,4203,9674,4832,39356,2022-12-30 0:00
잠원 한강공원,서울,강남구,강남대로 708,1106,19531,9402,14315,2022-12-30 0:00
잠실 한강공원,서울,송파구,한가람로 65,9735,24460,22935,51255,2022-12-30 0:00
망원 한강공원,서울,마포구,마포나루길 467,14255,23350,26704,29945,2022-12-30 0:00
광나루 한강공원,서울,강동구,선사로 83-106,1721,23820,7491,16303,2022-12-30 0:00
이촌 한강공원,서울,용산구,이촌로72길 62,3174,40737,34382,37152,2022-12-30 0:00
양화 한강공원,서울,영등포구,노들로 221,8800,40300,52800,24600,2022-12-30 0:00
여의도 한강공원,서울,영등포구,여의동로 280,1399,12880,15580,9770,2022-12-30 0:00
난지 한강공원,서울,마포구,한강난지로 22,3698,10217,6817,15365,2022-12-30 0:00
양화 한강공원,서울,영등포구,노들로 221,9450,65200,68200,45900,2022-11-30 0:00
광나루 한강공원,서울,강동구,선사로 83-106,3550,37530,26290,40185,2022-11-30 0:00
여의도 한강공원,서울,영등포구,여의동로 280,2000,32310,49830,23075,2022-11-30 0:00
뚝섬 한강공원,서울,광진구,강변북로 2273,4400,197200,180600,102995,2022-11-30 0:00
잠실 한강공원,서울,송파구,한가람로 65,12460,49530,35250,143045,2022-11-30 0:00
잠원 한강공원,서울,강남구,강남대로 708,1415,31516,22624,38657,2022-11-30 0:00
망원 한강공원,서울,마포구,마포나루길 467,20595,36600,46200,81483,2022-11-30 0:00
이촌 한강공원,서울,용산구,이촌로72길 62,3397,48327,47461,56060,2022-11-30 0:00
강서 한강공원,서울,강서구,양천로27길 279-23,8085,15020,10806,133901,2022-11-30 0:00
반포 한강공원,서울,서초구,신반포로11길 40,2390,14840,25034,33150,2022-11-30 0:00
난지 한강공원,서울,마포구,한강난지로 22,6521,15769,13750,35023,2022-11-30 0:00
잠원 한강공원,서울,강남구,강남대로 708,2710,44187,49540,55730,2022-10-31 0:00
여의도 한강공원,서울,영등포구,여의동로 280,8655,79610,920630,26635,2022-10-31 0:00
난지 한강공원,서울,마포구,한강난지로 22,9433,18790,16581,37176,2022-10-31 0:00
강서 한강공원,서울,강서구,양천로27길 279-23,10551,39850,12394,238453,2022-10-31 0:00
망원 한강공원,서울,마포구,마포나루길 467,26780,46715,61340,88110,2022-10-31 0:00
뚝섬 한강공원,서울,광진구,강변북로 2273,9100,221650,241530,122565,2022-10-31 0:00
잠실 한강공원,서울,송파구,한가람로 65,17278,65749,69770,178730,2022-10-31 0:00
광나루 한강공원,서울,강동구,선사로 83-106,5520,57640,39100,53875,2022-10-31 0:00
이촌 한강공원,서울,용산구,이촌로72길 62,27133,93619,195900,80114,2022-10-31 0:00
반포 한강공원,서울,서초구,신반포로11길 40,4350,31420,76420,69285,2022-10-31 0:00
양화 한강공원,서울,영등포구,노들로 221,15200,139660,349170,86000,2022-10-31 0:00
강서 한강공원,서울,강서구,양천로27길 279-23,8955,31165,9236,198328,2022-09-30 0:00
망원 한강공원,서울,마포구,마포나루길 467,23192,38070,69990,88137,2022-09-30 0:00
이촌 한강공원,서울,용산구,이촌로72길 62,7235,41061,71700,79933,2022-09-30 0:00
반포 한강공원,서울,서초구,신반포로11길 40,2540,57730,362520,56375,2022-09-30 0:00
양화 한강공원,서울,영등포구,노들로 221,10050,106910,107347,62440,2022-09-30 0:00
뚝섬 한강공원,서울,광진구,강변북로 2273,10000,231950,279450,107295,2022-09-30 0:00
광나루 한강공원,서울,강동구,선사로 83-106,5120,60180,52355,47740,2022-09-30 0:00
여의도 한강공원,서울,영등포구,여의동로 280,4280,55900,238980,27385,2022-09-30 0:00
난지 한강공원,서울,마포구,한강난지로 22,9807,23537,23953,45071,2022-09-30 0:00
잠원 한강공원,서울,강남구,강남대로 708,8340,46377,55720,61450,2022-09-30 0:00
잠실 한강공원,서울,송파구,한가람로 65,16900,64630,61785,69737,2022-09-30 0:00
잠실 한강공원,서울,송파구,한가람로 65,14160,81260,73000,94708,2022-08-31 0:00
잠원 한강공원,서울,강남구,강남대로 708,10760,35478,40948,49543,2022-08-31 0:00
이촌 한강공원,서울,용산구,이촌로72길 62,4913,36498,59822,62726,2022-08-31 0:00
강서 한강공원,서울,강서구,양천로27길 279-23,7100,21883,7514,137589,2022-08-31 0:00
반포 한강공원,서울,서초구,신반포로11길 40,3980,28890,81755,35350,2022-08-31 0:00
광나루 한강공원,서울,강동구,선사로 83-106,4320,55670,31830,40815,2022-08-31 0:00
양화 한강공원,서울,영등포구,노들로 221,0,87050,67849,69855,2022-08-31 0:00
뚝섬 한강공원,서울,광진구,강변북로 2273,13050,161290,183235,91506,2022-08-31 0:00
망원 한강공원,서울,마포구,마포나루길 467,17716,20855,40154,49958,2022-08-31 0:00
난지 한강공원,서울,마포구,한강난지로 22,7785,18417,33709,48486,2022-08-31 0:00
여의도 한강공원,서울,영등포구,여의동로 280,2805,18950,84490,21550,2022-08-31 0:00
광나루 한강공원,서울,강동구,선사로 83-106,4310,96980,43410,73550,2022-07-31 0:00
반포 한강공원,서울,서초구,신반포로11길 40,3360,41190,53140,49125,2022-07-31 0:00
여의도 한강공원,서울,영등포구,여의동로 280,2760,48490,81340,27884,2022-07-31 0:00
잠원 한강공원,서울,강남구,강남대로 708,8190,52801,58514,77420,2022-07-31 0:00
뚝섬 한강공원,서울,광진구,강변북로 2273,9500,198850,214160,101810,2022-07-31 0:00
강서 한강공원,서울,강서구,양천로27길 279-23,8344,31532,11342,154823,2022-07-31 0:00
망원 한강공원,서울,마포구,마포나루길 467,18200,22175,38285,46521,2022-07-31 0:00
난지 한강공원,서울,마포구,한강난지로 22,9527,19776,17133,48334,2022-07-31 0:00
잠실 한강공원,서울,송파구,한가람로 65,15780,95050,79860,140655,2022-07-31 0:00
이촌 한강공원,서울,용산구,이촌로72길 62,5403,41190,55945,82870,2022-07-31 0:00
양화 한강공원,서울,영등포구,노들로 221,0,93599,90591,70163,2022-07-31 0:00
강서 한강공원,서울,강서구,양천로27길 279-23,11741,28614,13146,127463,2022-06-30 0:00
반포 한강공원,서울,서초구,신반포로11길 40,4660,72850,105357,139800,2022-06-30 0:00
망원 한강공원,서울,마포구,마포나루길 467,12821,27225,42129,45351,2022-06-30 0:00
뚝섬 한강공원,서울,광진구,강변북로 2273,11740,238760,295250,166730,2022-06-30 0:00
잠실 한강공원,서울,송파구,한가람로 65,12300,86500,79495,141195,2022-06-30 0:00
여의도 한강공원,서울,영등포구,여의동로 280,3294,136666,193995,37215,2022-06-30 0:00
난지 한강공원,서울,마포구,한강난지로 22,5792,15953,16804,41399,2022-06-30 0:00
광나루 한강공원,서울,강동구,선사로 83-106,4790,78645,53222,89160,2022-06-30 0:00
이촌 한강공원,서울,용산구,이촌로72길 62,5912,46403,59312,90163,2022-06-30 0:00
잠원 한강공원,서울,강남구,강남대로 708,3120,75216,49214,114620,2022-06-30 0:00
양화 한강공원,서울,영등포구,노들로 221,0,88396,107250,78077,2022-06-30 0:00
뚝섬 한강공원,서울,광진구,강변북로 2273,13530,332550,258100,148370,2022-05-31 0:00
강서 한강공원,서울,강서구,양천로27길 279-23,0,29776,15383,56885,2022-05-31 0:00
잠원 한강공원,서울,강남구,강남대로 708,212442,164624,0,166495,2022-05-31 0:00
반포 한강공원,서울,서초구,신반포로11길 40,10360,128550,130730,211875,2022-05-31 0:00
난지 한강공원,서울,마포구,한강난지로 22,6540,27094,23821,61284,2022-05-31 0:00
망원 한강공원,서울,마포구,마포나루길 467,16008,39005,93880,77788,2022-05-31 0:00
여의도 한강공원,서울,영등포구,여의동로 280,9550,262343,381480,60720,2022-05-31 0:00
광나루 한강공원,서울,강동구,선사로 83-106,10110,109661,36145,114905,2022-05-31 0:00
양화 한강공원,서울,영등포구,노들로 221,,93823,143850,85870,2022-05-31 0:00
이촌 한강공원,서울,용산구,이촌로72길 62,4557,85456,55294,85883,2022-05-31 0:00
잠실 한강공원,서울,송파구,한가람로 65,10515,124950,102180,152017,2022-05-31 0:00
이촌 한강공원,서울,용산구,이촌로72길 62,3583,49233,36017,47567,2022-04-30 0:00
반포 한강공원,서울,서초구,신반포로11길 40,7750,120355,104236,196689,2022-04-30 0:00
뚝섬 한강공원,서울,광진구,강변북로 2273,35050,239600,258520,202430,2022-04-30 0:00
강서 한강공원,서울,강서구,양천로27길 279-23,3235,15420,14720,41879,2022-04-30 0:00
망원 한강공원,서울,마포구,마포나루길 467,23270,44841,76427,117516,2022-04-30 0:00
난지 한강공원,서울,마포구,한강난지로 22,3571,28568,21808,57923,2022-04-30 0:00
잠원 한강공원,서울,강남구,강남대로 708,81380,82910,65000,126420,2022-04-30 0:00
여의도 한강공원,서울,영등포구,여의동로 280,13930,297925,611510,65870,2022-04-30 0:00
잠실 한강공원,서울,송파구,한가람로 65,16453,106640,87240,149930,2022-04-30 0:00
광나루 한강공원,서울,강동구,선사로 83-106,15920,84150,45320,112050,2022-04-30 0:00
양화 한강공원,서울,영등포구,노들로 221,0,58630,124477,122759,2022-04-30 0:00
강서 한강공원,서울,강서구,양천로27길 279-23,1572,11396,19615,37782,2022-03-31 0:00
망원 한강공원,서울,마포구,마포나루길 467,19855,49512,43399,89483,2022-03-31 0:00
뚝섬 한강공원,서울,광진구,강변북로 2273,26120,168050,177050,150160,2022-03-31 0:00
광나루 한강공원,서울,강동구,선사로 83-106,11980,47550,36090,62190,2022-03-31 0:00
잠실 한강공원,서울,송파구,한가람로 65,12440,101240,59700,96191,2022-03-31 0:00
반포 한강공원,서울,서초구,신반포로11길 40,5040,91830,83475,130090,2022-03-31 0:00
여의도 한강공원,서울,영등포구,여의동로 280,2975,23682,32680,21135,2022-03-31 0:00
이촌 한강공원,서울,용산구,이촌로72길 62,4100,41900,40480,47105,2022-03-31 0:00
난지 한강공원,서울,마포구,한강난지로 22,1814,17308,18728,35627,2022-03-31 0:00
양화 한강공원,서울,영등포구,노들로 221,0,35241,37357,62821,2022-03-31 0:00
잠원 한강공원,서울,강남구,강남대로 708,9280,82500,82930,158430,2022-03-31 0:00
잠실 한강공원,서울,송파구,한가람로 65,14880,84945,59773,80238,2022-02-28 0:00
강서 한강공원,서울,강서구,양천로27길 279-23,793,12667,8793,20724,2022-02-28 0:00
망원 한강공원,서울,마포구,마포나루길 467,15012,31535,31307,63823,2022-02-28 0:00
이촌 한강공원,서울,용산구,이촌로72길 62,2940,27760,21345,36830,2022-02-28 0:00
여의도 한강공원,서울,영등포구,여의동로 280,2564,18145,19968,12123,2022-02-28 0:00
뚝섬 한강공원,서울,광진구,강변북로 2273,26070,183300,139610,150770,2022-02-28 0:00
잠원 한강공원,서울,강남구,강남대로 708,8600,75370,64760,123810,2022-02-28 0:00
난지 한강공원,서울,마포구,한강난지로 22,1231,11487,7151,23722,2022-02-28 0:00
광나루 한강공원,서울,강동구,선사로 83-106,12740,57020,34055,51115,2022-02-28 0:00
양화 한강공원,서울,영등포구,노들로 221,0,29555,29820,45855,2022-02-28 0:00
반포 한강공원,서울,서초구,신반포로11길 40,4420,83528,60530,99453,2022-02-28 0:00
난지 한강공원,서울,마포구,한강난지로 22,1743,12094,7931,27608,2022-01-01 0:00
뚝섬 한강공원,서울,광진구,강변북로 2273,24930,135200,117310,145510,2022-01-01 0:00
망원 한강공원,서울,마포구,마포나루길 467,17620,37140,30636,72890,2022-01-01 0:00
이촌 한강공원,서울,용산구,이촌로72길 62,3505,40924,22110,32380,2022-01-01 0:00
양화 한강공원,서울,영등포구,노들로 221,0,31144,36724,51911,2022-01-01 0:00
반포 한강공원,서울,서초구,신반포로11길 40,3350,65650,48205,65700,2022-01-01 0:00
강서 한강공원,서울,강서구,양천로27길 279-23,1784,16194,17062,30723,2022-01-01 0:00
여의도 한강공원,서울,영등포구,여의동로 280,7693,29653,26675,24451,2022-01-01 0:00
잠실 한강공원,서울,송파구,한가람로 65,17845,87030,70595,91519,2022-01-01 0:00
광나루 한강공원,서울,강동구,선사로 83-106,15090,62510,24705,51020,2022-01-01 0:00
잠원 한강공원,서울,강남구,강남대로 708,14730,99450,90350,166205,2022-01-01 0:00
잠실 한강공원,서울,송파구,한가람로 65,15260,67240,62660,84341,2021-12-31 0:00
뚝섬 한강공원,서울,광진구,강변북로 2273,31650,156030,122040,173905,2021-12-31 0:00
강서 한강공원,서울,강서구,양천로27길 279-23,3780,29703,28084,62226,2021-12-31 0:00
광나루 한강공원,서울,강동구,선사로 83-106,13860,47440,34360,65605,2021-12-31 0:00
이촌 한강공원,서울,용산구,이촌로72길 62,3380,33860,20830,48460,2021-12-31 0:00
반포 한강공원,서울,서초구,신반포로11길 40,1840,41337,45272,64000,2021-12-31 0:00
잠원 한강공원,서울,강남구,강남대로 708,5010,24900,27790,41070,2021-12-31 0:00
난지 한강공원,서울,마포구,한강난지로 22,2432,17015,9492,29128,2021-12-31 0:00
여의도 한강공원,서울,영등포구,여의동로 280,10629,53331,76398,76694,2021-12-31 0:00
양화 한강공원,서울,영등포구,노들로 221,,52017,45756,48818,2021-12-31 0:00
망원 한강공원,서울,마포구,마포나루길 467,9459,21903,23526,42266,2021-12-31 0:00
뚝섬 한강공원,서울,광진구,강변북로 2273,39650,172550,193050,254830,2021-11-30 0:00
여의도 한강공원,서울,영등포구,여의동로 280,4095,45985,62546,87340,2021-11-30 0:00
양화 한강공원,서울,영등포구,노들로 221,0,63460,66640,93492,2021-11-30 0:00
이촌 한강공원,서울,용산구,이촌로72길 62,3380,33860,20830,48460,2021-11-30 0:00
잠실 한강공원,서울,송파구,한가람로 65,14700,76424,62654,102095,2021-11-30 0:00
강서 한강공원,서울,강서구,양천로27길 279-23,6482,49462,48580,132829,2021-11-30 0:00
잠원 한강공원,서울,강남구,강남대로 708,13860,122990,68950,188060,2021-11-30 0:00
망원 한강공원,서울,마포구,마포나루길 467,11365,22721,30996,52369,2021-11-30 0:00
난지 한강공원,서울,마포구,한강난지로 22,4475,21031,17541,44846,2021-11-30 0:00
반포 한강공원,서울,서초구,신반포로11길 40,2970,39046,44420,80836,2021-11-30 0:00
광나루 한강공원,서울,강동구,선사로 83-106,17690,61290,44280,107840,2021-11-30 0:00
망원 한강공원,서울,마포구,마포나루길 467,17876,26557,38468,66568,2021-10-31 0:00
난지 한강공원,서울,마포구,한강난지로 22,3830,28137,28996,61238,2021-10-31 0:00
잠원 한강공원,서울,강남구,강남대로 708,13630,141290,92460,225510,2021-10-31 0:00
이촌 한강공원,서울,용산구,이촌로72길 62,3535,41150,22930,58530,2021-10-31 0:00
반포 한강공원,서울,서초구,신반포로11길 40,3280,50422,50290,109193,2021-10-31 0:00
여의도 한강공원,서울,영등포구,여의동로 280,3905,37735,65706,94324,2021-10-31 0:00
양화 한강공원,서울,영등포구,노들로 221,77851,108160,20261,154288,2021-10-31 0:00
광나루 한강공원,서울,강동구,선사로 83-106,22630,64440,60120,119955,2021-10-31 0:00
잠실 한강공원,서울,송파구,한가람로 65,22236,89910,96353,239962,2021-10-31 0:00
뚝섬 한강공원,서울,광진구,강변북로 2273,37500,199500,221430,265405,2021-10-31 0:00
강서 한강공원,서울,강서구,양천로27길 279-23,7610,50320,56303,135896,2021-10-31 0:00
망원 한강공원,서울,마포구,마포나루길 467,14380,29644,45565,76399,2021-09-30 0:00
뚝섬 한강공원,서울,광진구,강변북로 2273,38000,176040,236250,262205,2021-09-30 0:00
여의도 한강공원,서울,영등포구,여의동로 280,4355,24520,53984,67795,2021-09-30 0:00
양화 한강공원,서울,영등포구,노들로 221,0,81411,169638,268647,2021-09-30 0:00
난지 한강공원,서울,마포구,한강난지로 22,4563,33328,37699,85376,2021-09-30 0:00
잠실 한강공원,서울,송파구,한가람로 65,23875,119825,152252,237730,2021-09-30 0:00
강서 한강공원,서울,강서구,양천로27길 279-23,9050,49102,68866,146784,2021-09-30 0:00
광나루 한강공원,서울,강동구,선사로 83-106,24930,63830,77370,131820,2021-09-30 0:00
이촌 한강공원,서울,용산구,이촌로72길 62,4050,41580,31770,65275,2021-09-30 0:00
반포 한강공원,서울,서초구,신반포로11길 40,3640,73020,83970,114288,2021-09-30 0:00
잠원 한강공원,서울,강남구,강남대로 708,17295,146200,126120,247590,2021-09-30 0:00
광나루 한강공원,서울,강동구,선사로 83-106,23190,35530,63820,111555,2021-08-31 0:00
뚝섬 한강공원,서울,광진구,강변북로 2273,45300,302250,420400,260244,2021-08-31 0:00
잠실 한강공원,서울,송파구,한가람로 65,23045,111222,132425,204077,2021-08-31 0:00
반포 한강공원,서울,서초구,신반포로11길 40,2281,50465,81380,98802,2021-08-31 0:00
이촌 한강공원,서울,용산구,이촌로72길 62,6410,38580,33400,67820,2021-08-31 0:00
난지 한강공원,서울,마포구,한강난지로 22,4163,21316,32624,66759,2021-08-31 0:00
망원 한강공원,서울,마포구,마포나루길 467,12923,27741,43030,75075,2021-08-31 0:00
양화 한강공원,서울,영등포구,노들로 221,0,60641,111796,142528,2021-08-31 0:00
여의도 한강공원,서울,영등포구,여의동로 280,23420,312990,417836,121203,2021-08-31 0:00
잠원 한강공원,서울,강남구,강남대로 708,14790,131130,113390,263090,2021-08-31 0:00
강서 한강공원,서울,강서구,양천로27길 279-23,9055,50481,61570,146391,2021-08-31 0:00
여의도 한강공원,서울,영등포구,여의동로 280,25060,355300,464150,123390,2021-07-31 0:00
광나루 한강공원,서울,강동구,선사로 83-106,19680,43010,63800,90999,2021-07-01 0:00
잠실 한강공원,서울,송파구,한가람로 65,22962,96214,108830,171572,2021-07-01 0:00
강서 한강공원,서울,강서구,양천로27길 279-23,7595,45399,58040,122588,2021-07-01 0:00
난지 한강공원,서울,마포구,한강난지로 22,3425,25862,35564,70426,2021-07-01 0:00
망원 한강공원,서울,마포구,마포나루길 467,10066,27008,41102,64811,2021-07-01 0:00
양화 한강공원,서울,영등포구,노들로 221,0,62121,137128,151297,2021-07-01 0:00
이촌 한강공원,서울,용산구,이촌로72길 62,5090,41750,54476,70790,2021-07-01 0:00
반포 한강공원,서울,서초구,신반포로11길 40,1762,40302,61640,69417,2021-07-01 0:00
잠원 한강공원,서울,강남구,강남대로 708,10760,127540,84620,198840,2021-07-01 0:00
뚝섬 한강공원,서울,광진구,강변북로 2273,38750,267600,229920,339820,2021-07-01 0:00
양화 한강공원,서울,영등포구,노들로 221,,89445,174219,217024,2021-06-29 0:00
망원 한강공원,서울,마포구,마포나루길 467,9126,44857,42204,80153,2021-06-29 0:00
난지 한강공원,서울,마포구,한강난지로 22,3841,40448,38326,84130,2021-06-29 0:00
여의도 한강공원,서울,영등포구,여의동로 280,26600,303553,226100,299650,2021-06-29 0:00
광나루 한강공원,서울,강동구,선사로 83-106,15270,42580,43760,69395,2021-06-29 0:00
강서 한강공원,서울,강서구,양천로27길 279-23,6750,52040,61495,134135,2021-06-29 0:00
뚝섬 한강공원,서울,광진구,강변북로 2273,66800,303810,175860,406920,2021-06-28 0:00
반포 한강공원,서울,서초구,신반포로11길 40,800,55421,60504,74340,2021-06-01 0:00
잠원 한강공원,서울,강남구,강남대로 708,10500,74390,56130,88210,2021-06-01 0:00
잠실 한강공원,서울,송파구,한가람로 65,19550,128351,167684,225253,2021-06-01 0:00
이촌 한강공원,서울,용산구,이촌로72길 62,4040,54896,27593,56640,2021-06-01 0:00
뚝섬 한강공원,서울,광진구,강변북로 2273,74900,369700,219425,359520,2021-05-31 0:00
잠원 한강공원,서울,강남구,강남대로 708,10010,61550,56590,93170,2021-05-31 0:00
반포 한강공원,서울,서초구,신반포로11길 40,1340,48221,61231,71320,2021-05-31 0:00
이촌 한강공원,서울,용산구,이촌로72길 62,3530,39550,49214,59129,2021-05-31 0:00
여의도 한강공원,서울,영등포구,여의동로 280,27200,305550,227340,272415,2021-05-31 0:00
양화 한강공원,서울,영등포구,노들로 221,0,67080,93005,117301,2021-05-31 0:00
망원 한강공원,서울,마포구,마포나루길 467,12785,42315,45260,75412,2021-05-31 0:00
난지 한강공원,서울,마포구,한강난지로 22,3214,45737,36182,78907,2021-05-31 0:00
강서 한강공원,서울,강서구,양천로27길 279-23,5222,50708,50608,120890,2021-05-31 0:00
잠실 한강공원,서울,송파구,한가람로 65,19680,138819,116727,200187,2021-05-31 0:00
광나루 한강공원,서울,강동구,선사로 83-106,14010,68530,40470,76185,2021-05-31 0:00
잠실 한강공원,서울,송파구,한가람로 65,20548,118638,103058,173244,2021-04-30 0:00
난지 한강공원,서울,마포구,한강난지로 22,3295,35989,41601,90471,2021-04-30 0:00
뚝섬 한강공원,서울,광진구,강변북로 2273,75280,341280,241110,380460,2021-04-30 0:00
양화 한강공원,서울,영등포구,노들로 221,0,74430,84935,130068,2021-04-30 0:00
광나루 한강공원,서울,강동구,선사로 83-106,12315,52830,33690,68790,2021-04-30 0:00
반포 한강공원,서울,서초구,신반포로11길 40,2020,41099,48128,69460,2021-04-30 0:00
망원 한강공원,서울,마포구,마포나루길 467,10549,41196,49686,78198,2021-04-30 0:00
잠원 한강공원,서울,강남구,강남대로 708,8380,68840,46870,88030,2021-04-30 0:00
강서 한강공원,서울,강서구,양천로27길 279-23,7755,70390,77921,167552,2021-04-30 0:00
이촌 한강공원,서울,용산구,이촌로72길 62,3140,32610,40095,51560,2021-04-30 0:00
여의도 한강공원,서울,영등포구,여의동로 280,21030,247140,179140,262154,2021-04-01 0:00
광나루 한강공원,서울,강동구,선사로 83-106,11210,54244,34420,71720,2021-03-31 0:00
반포 한강공원,서울,서초구,신반포로11길 40,880,36167,33192,52115,2021-03-31 0:00
잠실 한강공원,서울,송파구,한가람로 65,22480,117201,91541,157524,2021-03-31 0:00
양화 한강공원,서울,영등포구,노들로 221,0,52391,82342,93249,2021-03-31 0:00
망원 한강공원,서울,마포구,마포나루길 467,7919,42320,44682,81220,2021-03-31 0:00
뚝섬 한강공원,서울,광진구,강변북로 2273,65600,309106,237800,338415,2021-03-31 0:00
난지 한강공원,서울,마포구,한강난지로 22,4524,39392,35456,73068,2021-03-31 0:00
잠원 한강공원,서울,강남구,강남대로 708,5730,38823,45950,68640,2021-03-31 0:00
강서 한강공원,서울,강서구,양천로27길 279-23,10360,83169,101215,194430,2021-03-31 0:00
여의도 한강공원,서울,영등포구,여의동로 280,15620,123441,104300,139039,2021-03-31 0:00
이촌 한강공원,서울,용산구,이촌로72길 62,3710,36553,42075,55320,2021-03-31 0:00
난지 한강공원,서울,마포구,한강난지로 22,6326,35672,34912,60890,2021-02-28 0:00
잠원 한강공원,서울,강남구,강남대로 708,4870,30990,35660,47510,2021-02-28 0:00
광나루 한강공원,서울,강동구,선사로 83-106,8990,51005,28490,52650,2021-02-28 0:00
강서 한강공원,서울,강서구,양천로27길 279-23,5890,59305,65935,127288,2021-02-28 0:00
망원 한강공원,서울,마포구,마포나루길 467,5188,27385,30401,50023,2021-02-28 0:00
양화 한강공원,서울,영등포구,노들로 221,0,49652,61555,65188,2021-02-28 0:00
잠실 한강공원,서울,송파구,한가람로 65,10998,68090,61145,86013,2021-02-28 0:00
뚝섬 한강공원,서울,광진구,강변북로 2273,57700,251813,185830,259622,2021-02-28 0:00
반포 한강공원,서울,서초구,신반포로11길 40,840,32099,31451,46541,2021-02-28 0:00
이촌 한강공원,서울,용산구,이촌로72길 62,2630,47132,23270,50080,2021-02-28 0:00
여의도 한강공원,서울,영등포구,여의동로 280,13090,45886,45655,105772,2021-02-28 0:00
양화 한강공원,서울,영등포구,노들로 221,80,53785,54943,74026,2021-01-31 0:00
잠실 한강공원,서울,송파구,한가람로 65,10380,77000,62392,51024,2021-01-31 0:00
잠원 한강공원,서울,강남구,강남대로 708,5010,24675,27790,41070,2021-01-31 0:00
이촌 한강공원,서울,용산구,이촌로72길 62,1960,27995,17940,33770,2021-01-31 0:00
강서 한강공원,서울,강서구,양천로27길 279-23,5454,56956,56667,118963,2021-01-31 0:00
뚝섬 한강공원,서울,광진구,강변북로 2273,60850,254960,168730,263205,2021-01-31 0:00
반포 한강공원,서울,서초구,신반포로11길 40,2010,29347,25142,31530,2021-01-31 0:00
여의도 한강공원,서울,영등포구,여의동로 280,10200,37415,35740,56920,2021-01-31 0:00
광나루 한강공원,서울,강동구,선사로 83-106,11070,52690,26720,37840,2021-01-31 0:00
망원 한강공원,서울,마포구,마포나루길 467,5476,23086,21078,29627,2021-01-31 0:00
난지 한강공원,서울,마포구,한강난지로 22,7419,40511,28835,42662,2021-01-31 0:00
난지 한강공원,서울,마포구,한강난지로 22,6640,32619,35333,43242,2020-12-31 0:00
이촌 한강공원,서울,용산구,이촌로72길 62,3120,29760,20575,35065,2020-12-31 0:00
뚝섬 한강공원,서울,광진구,강변북로 2273,59750,266350,166830,283500,2020-12-31 0:00
반포 한강공원,서울,서초구,신반포로11길 40,3510,33102,36686,64375,2020-12-31 0:00
광나루 한강공원,서울,강동구,선사로 83-106,13920,53850,31060,67075,2020-12-31 0:00
잠원 한강공원,서울,강남구,강남대로 708,5140,23590,25320,47690,2020-12-31 0:00
양화 한강공원,서울,영등포구,노들로 221,0,40668,50816,62934,2020-12-31 0:00
잠실 한강공원,서울,송파구,한가람로 65,9090,54950,52820,71384,2020-12-31 0:00
여의도 한강공원,서울,영등포구,여의동로 280,11120,40510,40960,79460,2020-12-31 0:00
강서 한강공원,서울,강서구,양천로27길 279-23,5910,60085,65505,139636,2020-12-31 0:00
망원 한강공원,서울,마포구,마포나루길 467,6306,19259,21113,35234,2020-12-31 0:00
잠실 한강공원,서울,송파구,한가람로 65,10085,59620,48135,90323,2020-11-30 0:00
난지 한강공원,서울,마포구,한강난지로 22,5290,57995,54360,72900,2020-11-30 0:00
광나루 한강공원,서울,강동구,선사로 83-106,15550,51150,29730,77310,2020-11-30 0:00
강서 한강공원,서울,강서구,양천로27길 279-23,6325,60322,62495,141210,2020-11-30 0:00
양화 한강공원,서울,영등포구,노들로 221,280,43340,48138,67940,2020-11-30 0:00
반포 한강공원,서울,서초구,신반포로11길 40,3230,42995,43772,86015,2020-11-30 0:00
이촌 한강공원,서울,용산구,이촌로72길 62,2770,30437,18083,42290,2020-11-30 0:00
여의도 한강공원,서울,영등포구,여의동로 280,16750,44355,36425,84689,2020-11-30 0:00
망원 한강공원,서울,마포구,마포나루길 467,6398,20195,20789,37808,2020-11-30 0:00
잠원 한강공원,서울,강남구,강남대로 708,6910,23310,24805,50980,2020-11-30 0:00
뚝섬 한강공원,서울,광진구,강변북로 2273,61400,223750,204195,282910,2020-11-30 0:00
잠원 한강공원,서울,강남구,강남대로 708,8800,49982,54995,77405,2020-10-31 0:00
뚝섬 한강공원,서울,광진구,강변북로 2273,78800,263850,261110,372928,2020-10-31 0:00
망원 한강공원,서울,마포구,마포나루길 467,8746,33798,37954,67283,2020-10-31 0:00
이촌 한강공원,서울,용산구,이촌로72길 62,2930,24360,18110,36657,2020-10-31 0:00
반포 한강공원,서울,서초구,신반포로11길 40,3780,47945,59082,117160,2020-10-31 0:00
광나루 한강공원,서울,강동구,선사로 83-106,20390,66660,42070,102620,2020-10-31 0:00
강서 한강공원,서울,강서구,양천로27길 279-23,4950,78460,83235,215980,2020-10-31 0:00
난지 한강공원,서울,마포구,한강난지로 22,6205,89545,81590,100035,2020-10-31 0:00
양화 한강공원,서울,영등포구,노들로 221,380,74490,91990,148600,2020-10-31 0:00
여의도 한강공원,서울,영등포구,여의동로 280,14480,62400,79698,171267,2020-10-31 0:00
잠실 한강공원,서울,송파구,한가람로 65,12429,71435,76955,123913,2020-10-31 0:00
뚝섬 한강공원,서울,광진구,강변북로 2273,81450,238300,281040,350920,2020-09-30 0:00
이촌 한강공원,서울,용산구,이촌로72길 62,3091,20670,20600,33915,2020-09-30 0:00
여의도 한강공원,서울,영등포구,여의동로 280,17950,116460,126135,186920,2020-09-30 0:00
반포 한강공원,서울,서초구,신반포로11길 40,3175,50024,59454,107795,2020-09-30 0:00
잠원 한강공원,서울,강남구,강남대로 708,8280,50290,59845,95330,2020-09-30 0:00
난지 한강공원,서울,마포구,한강난지로 22,5182,71555,66300,88718,2020-09-30 0:00
강서 한강공원,서울,강서구,양천로27길 279-23,6294,73102,76275,183234,2020-09-30 0:00
양화 한강공원,서울,영등포구,노들로 221,0,58107,83194,135583,2020-09-30 0:00
망원 한강공원,서울,마포구,마포나루길 467,4058,30827,44935,64257,2020-09-30 0:00
광나루 한강공원,서울,강동구,선사로 83-106,20642,62877,57020,102100,2020-09-30 0:00
잠실 한강공원,서울,송파구,한가람로 65,14390,87500,98575,158843,2020-09-30 0:00
망원 한강공원,서울,마포구,마포나루길 467,3258,18467,18542,32060,2020-08-31 0:00
이촌 한강공원,서울,용산구,이촌로72길 62,4145,27391,23737,40857,2020-08-31 0:00
여의도 한강공원,서울,영등포구,여의동로 280,15090,149710,113230,129277,2020-08-31 0:00
양화 한강공원,서울,영등포구,노들로 221,0,20268,53307,66123,2020-08-31 0:00
광나루 한강공원,서울,강동구,선사로 83-106,8933,25264,28970,43640,2020-08-31 0:00
잠실 한강공원,서울,송파구,한가람로 65,9023,47491,64630,85090,2020-08-31 0:00
난지 한강공원,서울,마포구,한강난지로 22,3930,40258,35127,56115,2020-08-31 0:00
강서 한강공원,서울,강서구,양천로27길 279-23,3154,30120,40917,83804,2020-08-31 0:00
잠원 한강공원,서울,강남구,강남대로 708,2345,18765,27285,44746,2020-08-31 0:00
반포 한강공원,서울,서초구,신반포로11길 40,2330,29229,30863,49980,2020-08-31 0:00
뚝섬 한강공원,서울,광진구,강변북로 2273,45400,205730,173700,232520,2020-08-31 0:00
망원 한강공원,서울,마포구,마포나루길 467,4830,82800,53469,112907,2020-07-31 0:00
잠원 한강공원,서울,강남구,강남대로 708,3890,23265,44134,71900,2020-07-31 0:00
광나루 한강공원,서울,강동구,선사로 83-106,13690,51140,52270,68890,2020-07-31 0:00
난지 한강공원,서울,마포구,한강난지로 22,6405,71175,62745,89685,2020-07-31 0:00
강서 한강공원,서울,강서구,양천로27길 279-23,7980,64630,63790,164209,2020-07-31 0:00
양화 한강공원,서울,영등포구,노들로 221,0,44005,104185,179936,2020-07-31 0:00
잠실 한강공원,서울,송파구,한가람로 65,16340,89430,111430,174465,2020-07-31 0:00
이촌 한강공원,서울,용산구,이촌로72길 62,6990,51676,43612,79175,2020-07-31 0:00
뚝섬 한강공원,서울,광진구,강변북로 2273,103177,320977,296977,353808,2020-07-31 0:00
반포 한강공원,서울,서초구,신반포로11길 40,5870,79083,88232,136131,2020-07-31 0:00
여의도 한강공원,서울,영등포구,여의동로 280,16880,234200,216300,242700,2020-07-31 0:00
잠원 한강공원,서울,강남구,강남대로 708,5850,32590,32210,61165,2020-06-30 0:00
광나루 한강공원,서울,강동구,선사로 83-106,17720,97710,76481,92700,2020-06-30 0:00
양화 한강공원,서울,영등포구,노들로 221,0,75730,161124,246109,2020-06-30 0:00
뚝섬 한강공원,서울,광진구,강변북로 2273,53050,245893,206460,320265,2020-06-30 0:00
난지 한강공원,서울,마포구,한강난지로 22,6260,73766,72473,107193,2020-06-30 0:00
망원 한강공원,서울,마포구,마포나루길 467,2673,54599,49404,88891,2020-06-30 0:00
잠실 한강공원,서울,송파구,한가람로 65,22550,80732,87546,156275,2020-06-30 0:00
여의도 한강공원,서울,영등포구,여의동로 280,26050,255200,205400,226550,2020-06-30 0:00
강서 한강공원,서울,강서구,양천로27길 279-23,5815,54575,55700,144824,2020-06-30 0:00
이촌 한강공원,서울,용산구,이촌로72길 62,5940,52470,37470,72090,2020-06-30 0:00
반포 한강공원,서울,서초구,신반포로11길 40,910,138350,81377,144818,2020-06-30 0:00
난지 한강공원,서울,마포구,한강난지로 22,5840,84140,76990,99575,2020-05-31 0:00
양화 한강공원,서울,영등포구,노들로 221,620,104340,163964,254592,2020-05-31 0:00
망원 한강공원,서울,마포구,마포나루길 467,9864,63807,57729,83762,2020-05-31 0:00
잠원 한강공원,서울,강남구,강남대로 708,5520,32690,35950,66140,2020-05-31 0:00
반포 한강공원,서울,서초구,신반포로11길 40,1610,153636,90750,146104,2020-05-31 0:00
이촌 한강공원,서울,용산구,이촌로72길 62,5925,66510,39890,88832,2020-05-31 0:00
뚝섬 한강공원,서울,광진구,강변북로 2273,123700,384170,350080,296390,2020-05-31 0:00
강서 한강공원,서울,강서구,양천로27길 279-23,5605,51488,49755,137488,2020-05-31 0:00
광나루 한강공원,서울,강동구,선사로 83-106,11623,120420,66895,118309,2020-05-31 0:00
잠실 한강공원,서울,송파구,한가람로 65,8790,79936,84050,180345,2020-05-31 0:00
여의도 한강공원,서울,영등포구,여의동로 280,28850,285100,200960,264000,2020-05-31 0:00
이촌 한강공원,서울,용산구,이촌로72길 62,5820,69850,45420,95410,2020-04-30 0:00
난지 한강공원,서울,마포구,한강난지로 22,5465,71770,66650,80120,2020-04-30 0:00
망원 한강공원,서울,마포구,마포나루길 467,645,53423,34995,75708,2020-04-30 0:00
양화 한강공원,서울,영등포구,노들로 221,3498,137580,103414,179322,2020-04-30 0:00
여의도 한강공원,서울,영등포구,여의동로 280,24300,168100,131700,165900,2020-04-30 0:00
강서 한강공원,서울,강서구,양천로27길 279-23,5570,56493,50390,138800,2020-04-30 0:00
반포 한강공원,서울,서초구,신반포로11길 40,0,143345,75496,149865,2020-04-30 0:00
잠원 한강공원,서울,강남구,강남대로 708,6470,34620,32380,62920,2020-04-30 0:00
뚝섬 한강공원,서울,광진구,강변북로 2273,128500,438530,292180,325090,2020-04-30 0:00
잠실 한강공원,서울,송파구,한가람로 65,8900,85255,60440,169500,2020-04-30 0:00
광나루 한강공원,서울,강동구,선사로 83-106,20630,122260,67065,129185,2020-04-30 0:00
반포 한강공원,서울,서초구,신반포로11길 40,7400,116986,63902,115613,2020-03-31 0:00
잠실 한강공원,서울,송파구,한가람로 65,9670,85470,66035,138617,2020-03-31 0:00
이촌 한강공원,서울,용산구,이촌로72길 62,5946,62699,41180,80810,2020-03-31 0:00
여의도 한강공원,서울,영등포구,여의동로 280,16240,111100,55700,193300,2020-03-31 0:00
양화 한강공원,서울,영등포구,노들로 221,3000,95745,40713,107576,2020-03-31 0:00
잠원 한강공원,서울,강남구,강남대로 708,4655,35175,26190,54375,2020-03-31 0:00
광나루 한강공원,서울,강동구,선사로 83-106,17360,107640,45010,84200,2020-03-31 0:00
강서 한강공원,서울,강서구,양천로27길 279-23,5059,51657,43526,122764,2020-03-31 0:00
망원 한강공원,서울,마포구,마포나루길 467,685,47504,32187,58415,2020-03-31 0:00
뚝섬 한강공원,서울,광진구,강변북로 2273,112400,417240,290350,281185,2020-03-31 0:00
난지 한강공원,서울,마포구,한강난지로 22,4705,66360,58480,52658,2020-03-31 0:00
뚝섬 한강공원,서울,광진구,강변북로 2273,92050,289240,218870,188870,2020-02-29 0:00
여의도 한강공원,서울,영등포구,여의동로 280,6185,28003,25199,35050,2020-02-29 0:00
이촌 한강공원,서울,용산구,이촌로72길 62,4980,34292,17670,44620,2020-02-29 0:00
반포 한강공원,서울,서초구,신반포로11길 40,7410,57169,30326,50316,2020-02-29 0:00
잠원 한강공원,서울,강남구,강남대로 708,4380,29640,23360,35820,2020-02-29 0:00
광나루 한강공원,서울,강동구,선사로 83-106,10568,53870,32530,35987,2020-02-29 0:00
잠실 한강공원,서울,송파구,한가람로 65,7285,45705,39735,77025,2020-02-29 0:00
양화 한강공원,서울,영등포구,노들로 221,2135,42144,17525,49423,2020-02-29 0:00
강서 한강공원,서울,강서구,양천로27길 279-23,4035,36111,29650,71316,2020-02-29 0:00
난지 한강공원,서울,마포구,한강난지로 22,3760,32645,30620,30220,2020-02-29 0:00
망원 한강공원,서울,마포구,마포나루길 467,590,32163,15986,32637,2020-02-29 0:00
반포 한강공원,서울,서초구,신반포로11길 40,2600,63825,35183,49237,2020-01-31 0:00
잠실 한강공원,서울,송파구,한가람로 65,8620,44835,39565,82278,2020-01-31 0:00
이촌 한강공원,서울,용산구,이촌로72길 62,5460,44290,22240,52090,2020-01-31 0:00
여의도 한강공원,서울,영등포구,여의동로 280,7145,37903,31569,49380,2020-01-31 0:00
양화 한강공원,서울,영등포구,노들로 221,2660,45428,17440,54405,2020-01-31 0:00
잠원 한강공원,서울,강남구,강남대로 708,5100,25160,23060,34680,2020-01-31 0:00
망원 한강공원,서울,마포구,마포나루길 467,2854,50209,41380,87595,2020-01-31 0:00
뚝섬 한강공원,서울,광진구,강변북로 2273,115350,426960,244710,214035,2020-01-31 0:00
난지 한강공원,서울,마포구,한강난지로 22,3855,35250,32910,36295,2020-01-31 0:00
광나루 한강공원,서울,강동구,선사로 83-106,11110,47790,37360,33734,2020-01-31 0:00
강서 한강공원,서울,강서구,양천로27길 279-23,4515,42401,36832,91104,2020-01-31 0:00
이촌 한강공원,서울,용산구,이촌로72길 62,5150,44730,21450,46370,2019-12-31 0:00
강서 한강공원,서울,강서구,양천로27길 279-23,4146,35160,29782,62957,2019-12-31 0:00
반포 한강공원,서울,서초구,신반포로11길 40,5541,77040,60964,52786,2019-12-31 0:00
양화 한강공원,서울,영등포구,노들로 221,2560,41038,15790,50060,2019-12-31 0:00
여의도 한강공원,서울,영등포구,여의동로 280,7195,39653,31869,53922,2019-12-31 0:00
광나루 한강공원,서울,강동구,선사로 83-106,14442,57300,35142,43189,2019-12-31 0:00
잠실 한강공원,서울,송파구,한가람로 65,9180,42815,43710,78398,2019-12-31 0:00
망원 한강공원,서울,마포구,마포나루길 467,1617,20602,11113,33819,2019-12-31 0:00
뚝섬 한강공원,서울,광진구,강변북로 2273,117200,329290,226160,209845,2019-12-31 0:00
난지 한강공원,서울,마포구,한강난지로 22,4050,32038,29475,50910,2019-12-31 0:00
잠원 한강공원,서울,강남구,강남대로 708,3670,19105,17670,30105,2019-12-31 0:00
강서 한강공원,서울,강서구,양천로27길 279-23,5773,39633,29347,69407,2019-11-30 0:00
광나루 한강공원,서울,강동구,선사로 83-106,12920,60280,36520,54533,2019-11-30 0:00
난지 한강공원,서울,마포구,한강난지로 22,5705,38440,31065,65605,2019-11-30 0:00
뚝섬 한강공원,서울,광진구,강변북로 2273,113380,316600,240170,227155,2019-11-30 0:00
망원 한강공원,서울,마포구,마포나루길 467,2554,22913,18581,46014,2019-11-30 0:00
반포 한강공원,서울,서초구,신반포로11길 40,5555,121453,74909,78228,2019-11-30 0:00
양화 한강공원,서울,영등포구,노들로 221,2545,47166,15415,56400,2019-11-30 0:00
여의도 한강공원,서울,영등포구,여의동로 280,8360,42140,34090,68830,2019-11-30 0:00
이촌 한강공원,서울,용산구,이촌로72길 62,5790,41850,25240,53135,2019-11-30 0:00
잠실 한강공원,서울,송파구,한가람로 65,10595,58690,50631,112682,2019-11-30 0:00
잠원 한강공원,서울,강남구,강남대로 708,4410,22625,17840,35538,2019-11-30 0:00
반포 한강공원,서울,서초구,신반포로11길 40,20943,164691,173501,123812,2019-10-31 0:00
잠실 한강공원,서울,송파구,한가람로 65,13095,103795,94651,158836,2019-10-31 0:00
뚝섬 한강공원,서울,광진구,강변북로 2273,132300,414750,382410,336090,2019-10-31 0:00
잠원 한강공원,서울,강남구,강남대로 708,4790,28300,29330,49940,2019-10-31 0:00
이촌 한강공원,서울,용산구,이촌로72길 62,7050,151450,214370,89635,2019-10-31 0:00
여의도 한강공원,서울,영등포구,여의동로 280,57930,295900,137610,78750,2019-10-31 0:00
양화 한강공원,서울,영등포구,노들로 221,4460,80236,38924,104884,2019-10-31 0:00
망원 한강공원,서울,마포구,마포나루길 467,6150,32777,27500,70494,2019-10-31 0:00
난지 한강공원,서울,마포구,한강난지로 22,9115,63375,55115,104410,2019-10-31 0:00
강서 한강공원,서울,강서구,양천로27길 279-23,5429,45520,40842,95238,2019-10-31 0:00
광나루 한강공원,서울,강동구,선사로 83-106,16880,74720,45125,85412,2019-10-31 0:00
뚝섬 한강공원,서울,광진구,강변북로 2273,121200,423200,290320,361285,2019-09-30 0:00
잠실 한강공원,서울,송파구,한가람로 65,11665,58180,68135,132375,2019-09-30 0:00
잠원 한강공원,서울,강남구,강남대로 708,3580,19655,25500,39380,2019-09-30 0:00
강서 한강공원,서울,강서구,양천로27길 279-23,5452,39013,37346,89038,2019-09-30 0:00
광나루 한강공원,서울,강동구,선사로 83-106,15350,64880,48365,76199,2019-09-30 0:00
난지 한강공원,서울,마포구,한강난지로 22,7110,54915,49245,83540,2019-09-30 0:00
반포 한강공원,서울,서초구,신반포로11길 40,11360,171128,135100,110519,2019-09-30 0:00
이촌 한강공원,서울,용산구,이촌로72길 62,6450,51970,38760,69325,2019-09-30 0:00
여의도 한강공원,서울,영등포구,여의동로 280,218416,448180,471261,124181,2019-09-30 0:00
양화 한강공원,서울,영등포구,노들로 221,3610,71508,24613,97261,2019-09-30 0:00
망원 한강공원,서울,마포구,마포나루길 467,4187,29540,26960,70238,2019-09-30 0:00
강서 한강공원,서울,강서구,양천로27길 279-23,4504,48738,46134,95679,2019-08-14 0:00
망원 한강공원,서울,마포구,마포나루길 467,4206,29572,36783,85977,2019-08-08 0:00
뚝섬 한강공원,서울,광진구,강변북로 2273,146250,504250,408380,357540,2019-08-07 0:00
난지 한강공원,서울,마포구,한강난지로 22,8257,60585,58995,92557,2019-08-07 0:00
이촌 한강공원,서울,용산구,이촌로72길 62,7440,50190,41500,71430,2019-08-01 0:00
여의도 한강공원,서울,영등포구,여의동로 280,129133,145604,582813,150412,2019-08-01 0:00
양화 한강공원,서울,영등포구,노들로 221,2860,83842,24172,105311,2019-08-01 0:00
반포 한강공원,서울,서초구,신반포로11길 40,6600,140557,141649,118612,2019-08-01 0:00
잠원 한강공원,서울,강남구,강남대로 708,3190,16170,26860,36365,2019-08-01 0:00
광나루 한강공원,서울,강동구,선사로 83-106,15630,66790,56010,79128,2019-08-01 0:00
잠실 한강공원,서울,송파구,한가람로 65,14200,61955,94677,128148,2019-08-01 0:00
강서 한강공원,서울,강서구,양천로27길 279-23,4376,37133,37652,81974,2019-07-01 0:00
난지 한강공원,서울,마포구,한강난지로 22,9205,56750,54000,88580,2019-07-01 0:00
잠실 한강공원,서울,송파구,한가람로 65,13405,47726,69320,142500,2019-07-01 0:00
망원 한강공원,서울,마포구,마포나루길 467,3049,39319,38316,86369,2019-07-01 0:00
양화 한강공원,서울,영등포구,노들로 221,3085,62148,19447,83292,2019-07-01 0:00
여의도 한강공원,서울,영등포구,여의동로 280,112520,213790,238585,148915,2019-07-01 0:00
이촌 한강공원,서울,용산구,이촌로72길 62,6920,50260,38160,71370,2019-07-01 0:00
반포 한강공원,서울,서초구,신반포로11길 40,8940,126162,137951,90886,2019-07-01 0:00
잠원 한강공원,서울,강남구,강남대로 708,3370,16860,21335,35090,2019-07-01 0:00
뚝섬 한강공원,서울,광진구,강변북로 2273,138350,513610,276950,302755,2019-07-01 0:00
광나루 한강공원,서울,강동구,선사로 83-106,14980,67650,60902,68584,2019-07-01 0:00
망원 한강공원,서울,마포구,마포나루길 467,3162,43779,36892,93637,2019-06-20 0:00
양화 한강공원,서울,영등포구,노들로 221,2601,71076,19026,91713,2019-06-14 0:00
이촌 한강공원,서울,용산구,이촌로72길 62,7140,50280,31700,75520,2019-06-13 0:00
난지 한강공원,서울,마포구,한강난지로 22,9635,71095,55830,107630,2019-06-12 0:00
여의도 한강공원,서울,영등포구,여의동로 280,20390,261490,283630,154600,2019-06-12 0:00
뚝섬 한강공원,서울,광진구,강변북로 2273,233250,495900,442970,265075,2019-06-12 0:00
강서 한강공원,서울,강서구,양천로27길 279-23,3143,43091,33236,108026,2019-06-05 0:00
반포 한강공원,서울,서초구,신반포로11길 40,7902,174158,176789,137239,2019-06-05 0:00
광나루 한강공원,서울,강동구,선사로 83-106,20835,97515,47070,90669,2019-06-04 0:00
잠원 한강공원,서울,강남구,강남대로 708,3020,22069,27470,34812,2019-06-01 0:00
잠실 한강공원,서울,송파구,한가람로 65,12935,80175,78425,150175,2019-06-01 0:00
강서 한강공원,서울,강서구,양천로27길 279-23,2982,41553,34422,108177,2019-05-29 0:00
잠원 한강공원,서울,강남구,강남대로 708,3495,19720,27870,38030,2019-05-22 0:00
양화 한강공원,서울,영등포구,노들로 221,2423,52007,27384,62963,2019-05-22 0:00
잠실 한강공원,서울,송파구,한가람로 65,13015,60230,58680,144175,2019-05-22 0:00
뚝섬 한강공원,서울,광진구,강변북로 2273,351500,616630,527070,219880,2019-05-21 0:00
난지 한강공원,서울,마포구,한강난지로 22,8611,76471,51385,110118,2019-05-17 0:00
망원 한강공원,서울,마포구,마포나루길 467,5431,50856,41934,98677,2019-05-16 0:00
반포 한강공원,서울,서초구,신반포로11길 40,3116,252212,414901,193056,2019-05-16 0:00
광나루 한강공원,서울,강동구,선사로 83-106,16670,77180,63630,93124,2019-05-15 0:00
이촌 한강공원,서울,용산구,이촌로72길 62,7280,51270,32470,79700,2019-05-15 0:00
여의도 한강공원,서울,영등포구,여의동로 280,51160,382220,335250,147130,2019-05-02 0:00
양화 한강공원,서울,영등포구,노들로 221,2521,73137,35540,86306,2019-04-24 0:00
이촌 한강공원,서울,용산구,이촌로72길 62,6740,48120,25020,67910,2019-04-24 0:00
난지 한강공원,서울,마포구,한강난지로 22,6238,62051,39641,74297,2019-04-17 0:00
잠실 한강공원,서울,송파구,한가람로 65,14580,61650,50955,131480,2019-04-17 0:00
뚝섬 한강공원,서울,광진구,강변북로 2273,246400,634150,425440,291210,2019-04-17 0:00
잠원 한강공원,서울,강남구,강남대로 708,3425,22337,23960,36773,2019-04-17 0:00
망원 한강공원,서울,마포구,마포나루길 467,3444,58366,34958,86925,2019-04-16 0:00
반포 한강공원,서울,서초구,신반포로11길 40,10410,178294,255245,134496,2019-04-16 0:00
여의도 한강공원,서울,영등포구,여의동로 280,20160,270756,236570,190950,2019-04-12 0:00
강서 한강공원,서울,강서구,양천로27길 279-23,2420,36279,25527,109797,2019-04-11 0:00
광나루 한강공원,서울,강동구,선사로 83-106,14680,87130,46500,85142,2019-04-10 0:00
잠실 한강공원,서울,송파구,한가람로 65,13760,54060,44795,118560,2019-03-29 0:00
반포 한강공원,서울,서초구,신반포로11길 40,5500,144497,104839,109816,2019-03-20 0:00
여의도 한강공원,서울,영등포구,여의동로 280,16420,125740,106390,143280,2019-03-20 0:00
강서 한강공원,서울,강서구,양천로27길 279-23,2795,35710,27215,99722,2019-03-14 0:00
망원 한강공원,서울,마포구,마포나루길 467,8106,35023,25520,80104,2019-03-13 0:00
난지 한강공원,서울,마포구,한강난지로 22,5219,49924,32534,62788,2019-03-13 0:00
이촌 한강공원,서울,용산구,이촌로72길 62,7100,52260,26050,70220,2019-03-13 0:00
뚝섬 한강공원,서울,광진구,강변북로 2273,144800,433900,327610,305120,2019-03-12 0:00
광나루 한강공원,서울,강동구,선사로 83-106,16080,74780,41290,71644,2019-03-12 0:00
양화 한강공원,서울,영등포구,노들로 221,1938,59078,27320,73815,2019-03-12 0:00
잠원 한강공원,서울,강남구,강남대로 708,3770,25070,22520,35400,2019-03-06 0:00
잠원 한강공원,서울,강남구,강남대로 708,2150,8060,7987,26252,2019-02-28 0:00
광나루 한강공원,서울,강동구,선사로 83-106,13342,68630,27960,47172,2019-02-27 0:00
여의도 한강공원,서울,영등포구,여의동로 280,8870,73530,47665,65325,2019-02-20 0:00
양화 한강공원,서울,영등포구,노들로 221,2544,30454,14535,29708,2019-02-20 0:00
망원 한강공원,서울,마포구,마포나루길 467,5988,46434,33400,66600,2019-02-19 0:00
이촌 한강공원,서울,용산구,이촌로72길 62,5540,41470,18240,51740,2019-02-19 0:00
뚝섬 한강공원,서울,광진구,강변북로 2273,129761,338361,231222,155345,2019-02-14 0:00
강서 한강공원,서울,강서구,양천로27길 279-23,2140,33707,25003,75130,2019-02-12 0:00
반포 한강공원,서울,서초구,신반포로11길 40,9477,132166,77226,64401,2019-02-12 0:00
난지 한강공원,서울,마포구,한강난지로 22,4034,34780,23160,40154,2019-02-11 0:00
잠실 한강공원,서울,송파구,한가람로 65,11090,41510,39715,90250,2019-02-07 0:00
광나루 한강공원,서울,강동구,선사로 83-106,14770,75470,31290,59366,2019-01-31 0:00
여의도 한강공원,서울,영등포구,여의동로 280,9820,89850,76950,69120,2019-01-24 0:00
난지 한강공원,서울,마포구,한강난지로 22,5498,40653,27110,48534,2019-01-24 0:00
망원 한강공원,서울,마포구,마포나루길 467,3167,46385,30911,65533,2019-01-23 0:00
이촌 한강공원,서울,용산구,이촌로72길 62,6630,42360,20550,51710,2019-01-23 0:00
양화 한강공원,서울,영등포구,노들로 221,5645,30820,13403,31373,2019-01-22 0:00
잠원 한강공원,서울,강남구,강남대로 708,3710,18910,25595,0,2019-01-22 0:00
뚝섬 한강공원,서울,광진구,강변북로 2273,103600,305750,232260,162375,2019-01-17 0:00
강서 한강공원,서울,강서구,양천로27길 279-23,4516,33289,24334,86820,2019-01-16 0:00
잠실 한강공원,서울,송파구,한가람로 65,14400,46380,41850,102195,2019-01-15 0:00
반포 한강공원,서울,서초구,신반포로11길 40,8300,110230,45333,59651,2019-01-10 0:00
강서 한강공원,서울,강서구,양천로27길 279-23,4550,32492,22348,66436,2018-12-28 0:00
반포 한강공원,서울,서초구,신반포로11길 40,16592,102443,97736,57673,2018-12-28 0:00
난지 한강공원,서울,마포구,한강난지로 22,5505,39987,28979,49212,2018-12-27 0:00
광나루 한강공원,서울,강동구,선사로 83-106,13120,65810,35370,55157,2018-12-27 0:00
뚝섬 한강공원,서울,광진구,강변북로 2273,98200,308000,246270,118328,2018-12-26 0:00
망원 한강공원,서울,마포구,마포나루길 467,3036,41325,28243,59386,2018-12-26 0:00
잠원 한강공원,서울,강남구,강남대로 708,3288,19911,19012,22126,2018-12-20 0:00
양화 한강공원,서울,영등포구,노들로 221,3830,19916,10568,24295,2018-12-19 0:00
이촌 한강공원,서울,용산구,이촌로72길 62,6090,39960,16120,43630,2018-12-19 0:00
여의도 한강공원,서울,영등포구,여의동로 280,11370,89675,73399,79636,2018-12-18 0:00
잠실 한강공원,서울,송파구,한가람로 65,14640,42770,42755,87135,2018-12-13 0:00
광나루 한강공원,서울,강동구,선사로 83-106,12840,66490,34150,84150,2018-11-30 0:00
잠실 한강공원,서울,송파구,한가람로 65,13690,46630,49640,117655,2018-11-30 0:00
뚝섬 한강공원,서울,광진구,강변북로 2273,100590,327890,246160,138181,2018-11-30 0:00
잠원 한강공원,서울,강남구,강남대로 708,3338,25118,21660,27713,2018-11-30 0:00
반포 한강공원,서울,서초구,신반포로11길 40,15830,105085,115618,93737,2018-11-30 0:00
이촌 한강공원,서울,용산구,이촌로72길 62,6750,40130,21810,53630,2018-11-30 0:00
여의도 한강공원,서울,영등포구,여의동로 280,13470,117620,124700,131290,2018-11-30 0:00
양화 한강공원,서울,영등포구,노들로 221,2686,21664,18015,37250,2018-11-30 0:00
망원 한강공원,서울,마포구,마포나루길 467,3704,40882,32733,72530,2018-11-30 0:00
강서 한강공원,서울,강서구,양천로27길 279-23,4300,39101,26419,84910,2018-11-30 0:00
난지 한강공원,서울,마포구,한강난지로 22,10685,52931,44495,81945,2018-11-30 0:00
난지 한강공원,서울,마포구,한강난지로 22,13429,90716,71612,113426,2018-10-31 0:00
여의도 한강공원,서울,영등포구,여의동로 280,18630,303340,456080,186810,2018-10-31 0:00
양화 한강공원,서울,영등포구,노들로 221,3040,14811,35513,45910,2018-10-31 0:00
잠실 한강공원,서울,송파구,한가람로 65,15760,56130,72135,145610,2018-10-31 0:00
광나루 한강공원,서울,강동구,선사로 83-106,15310,101730,49060,103052,2018-10-31 0:00
이촌 한강공원,서울,용산구,이촌로72길 62,8280,86500,39560,79460,2018-10-31 0:00
반포 한강공원,서울,서초구,신반포로11길 40,16064,174929,270414,134294,2018-10-31 0:00
망원 한강공원,서울,마포구,마포나루길 467,4754,63522,49234,99536,2018-10-31 0:00
뚝섬 한강공원,서울,광진구,강변북로 2273,139630,511070,377240,190395,2018-10-31 0:00
잠원 한강공원,서울,강남구,강남대로 708,3800,28052,29426,34944,2018-10-31 0:00
강서 한강공원,서울,강서구,양천로27길 279-23,4270,43989,30508,101256,2018-10-09 0:00
양화 한강공원,서울,영등포구,노들로 221,5200,22399,35054,59480,2018-09-30 0:00
강서 한강공원,서울,강서구,양천로27길 279-23,4720,43010,32920,129004,2018-09-30 0:00
난지 한강공원,서울,마포구,한강난지로 22,16468,109196,92645,115614,2018-09-30 0:00
광나루 한강공원,서울,강동구,선사로 83-106,14730,76470,54580,122287,2018-09-30 0:00
뚝섬 한강공원,서울,광진구,강변북로 2273,132960,441030,406720,215230,2018-09-30 0:00
이촌 한강공원,서울,용산구,이촌로72길 62,8590,63520,48560,89390,2018-09-30 0:00
망원 한강공원,서울,마포구,마포나루길 467,5843,59382,62352,115540,2018-09-30 0:00
반포 한강공원,서울,서초구,신반포로11길 40,18927,193744,203422,138273,2018-09-30 0:00
여의도 한강공원,서울,영등포구,여의동로 280,22400,143880,217840,205770,2018-09-30 0:00
잠원 한강공원,서울,강남구,강남대로 708,6040,32105,34660,34396,2018-09-30 0:00
잠실 한강공원,서울,송파구,한가람로 65,16220,54540,65830,155520,2018-09-30 0:00
뚝섬 한강공원,서울,광진구,강변북로 2273,141340,424580,426910,233260,2018-08-31 0:00
반포 한강공원,서울,서초구,신반포로11길 40,16023,157591,192930,118924,2018-08-31 0:00
망원 한강공원,서울,마포구,마포나루길 467,6630,47651,53688,93982,2018-08-31 0:00
광나루 한강공원,서울,강동구,선사로 83-106,20304,76457,49125,125012,2018-08-31 0:00
이촌 한강공원,서울,용산구,이촌로72길 62,8830,44240,44920,77650,2018-08-31 0:00
잠원 한강공원,서울,강남구,강남대로 708,5700,27989,28680,34569,2018-08-31 0:00
난지 한강공원,서울,마포구,한강난지로 22,16405,87405,79251,112800,2018-08-31 0:00
강서 한강공원,서울,강서구,양천로27길 279-23,4744,41437,39438,87941,2018-08-31 0:00
잠실 한강공원,서울,송파구,한가람로 65,16970,45310,69130,122745,2018-08-31 0:00
여의도 한강공원,서울,영등포구,여의동로 280,18600,141240,248230,171190,2018-08-31 0:00
양화 한강공원,서울,영등포구,노들로 221,5340,20148,35245,52475,2018-08-31 0:00
강서 한강공원,서울,강서구,양천로27길 279-23,3440,44638,36093,108317,2018-07-31 0:00
뚝섬 한강공원,서울,광진구,강변북로 2273,117180,369255,325470,181260,2018-07-31 0:00
여의도 한강공원,서울,영등포구,여의동로 280,20330,202405,241940,157640,2018-07-31 0:00
잠원 한강공원,서울,강남구,강남대로 708,6043,35550,33800,31710,2018-07-26 0:00
양화 한강공원,서울,영등포구,노들로 221,5585,28859,39272,71302,2018-07-26 0:00
이촌 한강공원,서울,용산구,이촌로72길 62,8440,49560,48620,88110,2018-07-26 0:00
망원 한강공원,서울,마포구,마포나루길 467,5956,52976,58559,113402,2018-07-25 0:00
반포 한강공원,서울,서초구,신반포로11길 40,18666,167318,171869,110934,2018-07-25 0:00
잠실 한강공원,서울,송파구,한가람로 65,17470,51050,70830,148210,2018-07-19 0:00
난지 한강공원,서울,마포구,한강난지로 22,22772,86399,92151,119386,2018-07-18 0:00
광나루 한강공원,서울,강동구,선사로 83-106,18840,90910,53110,111263,2018-07-10 0:00
강서 한강공원,서울,강서구,양천로27길 279-23,3370,43883,33286,115673,2018-06-30 0:00
망원 한강공원,서울,마포구,마포나루길 467,4842,76412,59547,118385,2018-06-30 0:00
잠원 한강공원,서울,강남구,강남대로 708,6160,34160,35050,0,2018-06-30 0:00
잠실 한강공원,서울,송파구,한가람로 65,15300,59470,69440,0,2018-06-30 0:00
광나루 한강공원,서울,강동구,선사로 83-106,21017,72922,49720,117933,2018-06-30 0:00
여의도 한강공원,서울,영등포구,여의동로 280,20380,247920,353660,175330,2018-06-30 0:00
이촌 한강공원,서울,용산구,이촌로72길 62,8450,57310,45830,86420,2018-06-30 0:00
뚝섬 한강공원,서울,광진구,강변북로 2273,73140,514980,235920,272120,2018-06-30 0:00
양화 한강공원,서울,영등포구,노들로 221,6385,48012,35073,0,2018-06-30 0:00
난지 한강공원,서울,마포구,한강난지로 22,23566,95318,74075,108757,2018-06-30 0:00
반포 한강공원,서울,서초구,신반포로11길 40,13446,150221,162970,0,2018-06-30 0:00
광나루 한강공원,서울,강동구,선사로 83-106,24530,84422,49252,115382,2018-05-23 0:00
뚝섬 한강공원,서울,광진구,강변북로 2273,57370,529040,228670,225420,2018-05-15 0:00
잠실 한강공원,서울,송파구,한가람로 65,15350,63980,63905,146804,2018-05-15 0:00
망원 한강공원,서울,마포구,마포나루길 467,5581,91231,59320,121825,2018-05-15 0:00
양화 한강공원,서울,영등포구,노들로 221,4771,54821,30967,75804,2018-05-15 0:00
여의도 한강공원,서울,영등포구,여의동로 280,25755,306470,303400,180910,2018-05-15 0:00
이촌 한강공원,서울,용산구,이촌로72길 62,8560,61520,43840,81340,2018-05-15 0:00
반포 한강공원,서울,서초구,신반포로11길 40,14905,201205,158674,123111,2018-05-15 0:00
잠원 한강공원,서울,강남구,강남대로 708,7225,45681,49043,63783,2018-05-15 0:00
강서 한강공원,서울,강서구,양천로27길 279-23,3130,45597,29596,148146,2018-05-15 0:00
난지 한강공원,서울,마포구,한강난지로 22,31375,116640,58650,98535,2018-05-15 0:00
망원 한강공원,서울,마포구,마포나루길 467,3426,89362,54625,117825,2018-04-30 0:00
잠원 한강공원,서울,강남구,강남대로 708,6810,36967,42382,54942,2018-04-30 0:00
반포 한강공원,서울,서초구,신반포로11길 40,19289,150073,140563,111095,2018-04-30 0:00
이촌 한강공원,서울,용산구,이촌로72길 62,8250,57690,37890,72360,2018-04-30 0:00
잠실 한강공원,서울,송파구,한가람로 65,12920,59250,53190,136970,2018-04-30 0:00
뚝섬 한강공원,서울,광진구,강변북로 2273,46110,495730,168360,271810,2018-04-30 0:00
양화 한강공원,서울,영등포구,노들로 221,4596,57069,29163,71112,2018-04-30 0:00
난지 한강공원,서울,마포구,한강난지로 22,28885,101500,53870,90200,2018-04-30 0:00
여의도 한강공원,서울,영등포구,여의동로 280,34310,1417210,1460500,213290,2018-04-30 0:00
광나루 한강공원,서울,강동구,선사로 83-106,20120,75690,40770,105514,2018-04-30 0:00
강서 한강공원,서울,강서구,양천로27길 279-23,2830,43980,25000,97422,2018-04-11 0:00
이촌 한강공원,서울,용산구,이촌로72길 62,7770,60000,40220,82960,2018-03-31 0:00
여의도 한강공원,서울,영등포구,여의동로 280,17345,116142,117665,80911,2018-03-31 0:00
양화 한강공원,서울,영등포구,노들로 221,4108,48371,25290,61042,2018-03-31 0:00
망원 한강공원,서울,마포구,마포나루길 467,3508,68631,44538,98314,2018-03-31 0:00
난지 한강공원,서울,마포구,한강난지로 22,28110,89150,43885,72835,2018-03-31 0:00
잠원 한강공원,서울,강남구,강남대로 708,7790,57220,23910,53544,2018-03-31 0:00
잠실 한강공원,서울,송파구,한가람로 65,13240,60800,51030,129495,2018-03-31 0:00
광나루 한강공원,서울,강동구,선사로 83-106,23980,107040,45085,112501,2018-03-31 0:00
반포 한강공원,서울,서초구,신반포로11길 40,15669,226055,117317,107689,2018-03-31 0:00
강서 한강공원,서울,강서구,양천로27길 279-23,3308,43455,22302,101245,2018-03-15 0:00
뚝섬 한강공원,서울,광진구,강변북로 2273,52110,519520,143030,274390,2018-03-01 0:00
광나루 한강공원,서울,강동구,선사로 83-106,15830,70195,33300,62433,2018-02-28 0:00
잠실 한강공원,서울,송파구,한가람로 65,10980,50630,44195,90981,2018-02-28 0:00
반포 한강공원,서울,서초구,신반포로11길 40,11857,80850,52799,67920,2018-02-28 0:00
잠원 한강공원,서울,강남구,강남대로 708,5983,41450,19062,41873,2018-02-28 0:00
망원 한강공원,서울,마포구,마포나루길 467,2326,39801,28333,57524,2018-02-28 0:00
난지 한강공원,서울,마포구,한강난지로 22,19600,81510,39420,80220,2018-02-28 0:00
양화 한강공원,서울,영등포구,노들로 221,3394,34135,15941,35864,2018-02-28 0:00
이촌 한강공원,서울,용산구,이촌로72길 62,6110,45630,26300,57560,2018-02-28 0:00
여의도 한강공원,서울,영등포구,여의동로 280,21265,40500,45510,48910,2018-02-28 0:00
강서 한강공원,서울,강서구,양천로27길 279-23,2555,30168,18457,56222,2018-02-01 0:00
뚝섬 한강공원,서울,광진구,강변북로 2273,39930,395030,124330,163710,2018-02-01 0:00
난지 한강공원,서울,마포구,한강난지로 22,16635,97665,34690,80320,2018-01-31 0:00
잠원 한강공원,서울,강남구,강남대로 708,6156,47314,21075,37610,2018-01-31 0:00
망원 한강공원,서울,마포구,마포나루길 467,2819,39603,28697,60658,2018-01-31 0:00
광나루 한강공원,서울,강동구,선사로 83-106,17720,71260,30830,65319,2018-01-31 0:00
반포 한강공원,서울,서초구,신반포로11길 40,12902,91924,56107,85129,2018-01-31 0:00
이촌 한강공원,서울,용산구,이촌로72길 62,6070,43950,28340,55200,2018-01-31 0:00
잠실 한강공원,서울,송파구,한가람로 65,12700,53510,45450,105695,2018-01-31 0:00
여의도 한강공원,서울,영등포구,여의동로 280,17920,100690,113010,49190,2018-01-31 0:00
양화 한강공원,서울,영등포구,노들로 221,3860,37975,18209,36339,2018-01-31 0:00
뚝섬 한강공원,서울,광진구,강변북로 2273,44450,449660,129590,168100,2018-01-31 0:00
강서 한강공원,서울,강서구,양천로27길 279-23,2329,29174,17230,54027,2018-01-01 0:00
